Workbook

Sheet OUT_1
A1: In | B1: =SUMIFS(Cash_Flow_3[Amount],Cash_Flow_3[Type],"In",Cash_Flow_3[Category],"Fix")-SUMIFS(Cash_Flow_3[Amount],Cash_Flow_3[Type],"Out",Cash_Flow_3[Category],"Move") -> 11528011 | D1: ATM | E1: =SUMIFS(Cash_Flow_3[Amount],Cash_Flow_3[ATM/Cash],"ATM",Cash_Flow_3[Type],"In") -SUMIFS(Cash_Flow_3[Amount],Cash_Flow_3[ATM/Cash],"ATM",Cash_Flow_3[Type],"Out") -SUMIFS(Cash_Flow_3[Amount],Cash_Flow_3[ATM/Cash],"ATM",Cash_Flow_3[Type],"Move") -> 1228691 | H1: -SUMMARY-
A2: Out | B2: =SUMIFS(Cash_Flow_3[Amount],Cash_Flow_3[Type],"Out",Cash_Flow_3[Category],"<>Move") -> 11407430 | D2: Cash | E2: =SUMIFS(Cash_Flow_3[Amount],Cash_Flow_3[ATM/Cash],"Cash",Cash_Flow_3[Type],"In") -SUMIFS(Cash_Flow_3[Amount],Cash_Flow_3[ATM/Cash],"Cash",Cash_Flow_3[Type],"Out") +SUMIFS(Cash_Flow_3[Amount],Cash_Flow_3[ATM/Cash],"Cash",Cash_Flow_3[Type],"Move") -> 96700
D3: ATM + Cash | E3: =SUM(E1:F2) -> 1325391
A4: Date | B4: Description | C4: ATM/Cash | D4: Type | E4: Category | F4: Amount | G4: Column 10 | H4: Bulan | I4: In | J4: Out | K4: Fix | L4: Bathroom | M4: Alfa | N4: Jajan | O4: Kitchen | P4: Loandry | Q4: Mio | R4: Sedekah | S4: Zela | T4: Iqbal
A5: 46050 | B5: Saldo Awal | C5: ATM | D5: In | E5: Fix | F5: 15590 | H5: =IF(A5="","", DATE(YEAR(A5),MONTH(A5),1) ) -> 46023 | I5: =SUMIFS(Cash_Flow_3[Amount],Cash_Flow_3[Bulan],H5,Cash_Flow_3[Type],"In") -> 543327 | J5: =SUMIFS(Cash_Flow_3[Amount],Cash_Flow_3[Bulan],H5,Cash_Flow_3[Type],"Out") -> 475850 | K5: =SUMIFS(Cash_Flow_3[Amount],Cash_Flow_3[Bulan],H5,Cash_Flow_3[Type],"Out",Cash_Flow_3[Category],"Fix") -> 114450 | L5: =SUMIFS(Cash_Flow_3[Amount],Cash_Flow_3[Bulan],H5,Cash_Flow_3[Type],"Out",Cash_Flow_3[Category],"Bathroom") -> 0 | M5: =SUMIFS(Cash_Flow_3[Amount],Cash_Flow_3[Bulan],H5,Cash_Flow_3[Type],"Out",Cash_Flow_3[Category],"Alfa") -> 36400 | N5: =SUMIFS(Cash_Flow_3[Amount],Cash_Flow_3[Bulan],H5,Cash_Flow_3[Type],"Out",Cash_Flow_3[Category],"Jajan") -> 38000 | O5: =SUMIFS(Cash_Flow_3[Amount],Cash_Flow_3[Bulan],H5,Cash_Flow_3[Type],"Out",Cash_Flow_3[Category],"Kitchen") -> 87000 | P5: =SUMIFS(Cash_Flow_3[Amount],Cash_Flow_3[Bulan],H5,Cash_Flow_3[Type],"Out",Cash_Flow_3[Category],"Loandry") -> 0 | Q5: =SUMIFS(Cash_Flow_3[Amount],Cash_Flow_3[Bulan],H5,Cash_Flow_3[Type],"Out",Cash_Flow_3[Category],"Mio") -> 0 | R5: =SUMIFS(Cash_Flow_3[Amount],Cash_Flow_3[Bulan],H5,Cash_Flow_3[Type],"Out",Cash_Flow_3[Category],"Sedekah") -> 0 | S5: =SUMIFS(Cash_Flow_3[Amount],Cash_Flow_3[Bulan],H5,Cash_Flow_3[Type],"Out",Cash_Flow_3[Category],"Zela") -> 0 | T5: =SUMIFS(Cash_Flow_3[Amount],Cash_Flow_3[Bulan],H5,Cash_Flow_3[Type],"Out",Cash_Flow_3[Category],"Iqbal") -> 0
A6: 46051 | B6: Pinjam uang Adi | C6: ATM | D6: In | E6: Fix | F6: 300000 | H6: =IF(A6="","", DATE(YEAR(A6),MONTH(A6),1) ) -> 46023 | I6: =SUMIFS(Cash_Flow_3[Amount],Cash_Flow_3[Bulan],H6,Cash_Flow_3[Type],"In") -> 543327 | J6: =SUMIFS(Cash_Flow_3[Amount],Cash_Flow_3[Bulan],H6,Cash_Flow_3[Type],"Out") -> 475850 | K6: =SUMIFS(Cash_Flow_3[Amount],Cash_Flow_3[Bulan],H6,Cash_Flow_3[Type],"Out",Cash_Flow_3[Category],"Fix") -> 114450 | L6: =SUMIFS(Cash_Flow_3[Amount],Cash_Flow_3[Bulan],H6,Cash_Flow_3[Type],"Out",Cash_Flow_3[Category],"Bathroom") -> 0 | M6: =SUMIFS(Cash_Flow_3[Amount],Cash_Flow_3[Bulan],H6,Cash_Flow_3[Type],"Out",Cash_Flow_3[Category],"Alfa") -> 36400 | N6: =SUMIFS(Cash_Flow_3[Amount],Cash_Flow_3[Bulan],H6,Cash_Flow_3[Type],"Out",Cash_Flow_3[Category],"Jajan") -> 38000 | O6: =SUMIFS(Cash_Flow_3[Amount],Cash_Flow_3[Bulan],H6,Cash_Flow_3[Type],"Out",Cash_Flow_3[Category],"Kitchen") -> 87000 | P6: =SUMIFS(Cash_Flow_3[Amount],Cash_Flow_3[Bulan],H6,Cash_Flow_3[Type],"Out",Cash_Flow_3[Category],"Loandry") -> 0 | Q6: =SUMIFS(Cash_Flow_3[Amount],Cash_Flow_3[Bulan],H6,Cash_Flow_3[Type],"Out",Cash_Flow_3[Category],"Mio") -> 0 | R6: =SUMIFS(Cash_Flow_3[Amount],Cash_Flow_3[Bulan],H6,Cash_Flow_3[Type],"Out",Cash_Flow_3[Category],"Sedekah") -> 0 | S6: =SUMIFS(Cash_Flow_3[Amount],Cash_Flow_3[Bulan],H6,Cash_Flow_3[Type],"Out",Cash_Flow_3[Category],"Zela") -> 0 | T6: =SUMIFS(Cash_Flow_3[Amount],Cash_Flow_3[Bulan],H6,Cash_Flow_3[Type],"Out",Cash_Flow_3[Category],"Iqbal") -> 0
A7: 46051 | B7: Istriku | C7: ATM | D7: Out | E7: Move | F7: 150000 | H7: =IF(A7="","", DATE(YEAR(A7),MONTH(A7),1) ) -> 46023 | I7: =SUMIFS(Cash_Flow_3[Amount],Cash_Flow_3[Bulan],H7,Cash_Flow_3[Type],"In") -> 543327 | J7: =SUMIFS(Cash_Flow_3[Amount],Cash_Flow_3[Bulan],H7,Cash_Flow_3[Type],"Out") -> 475850 | K7: =SUMIFS(Cash_Flow_3[Amount],Cash_Flow_3[Bulan],H7,Cash_Flow_3[Type],"Out",Cash_Flow_3[Category],"Fix") -> 114450 | L7: =SUMIFS(Cash_Flow_3[Amount],Cash_Flow_3[Bulan],H7,Cash_Flow_3[Type],"Out",Cash_Flow_3[Category],"Bathroom") -> 0 | M7: =SUMIFS(Cash_Flow_3[Amount],Cash_Flow_3[Bulan],H7,Cash_Flow_3[Type],"Out",Cash_Flow_3[Category],"Alfa") -> 36400 | N7: =SUMIFS(Cash_Flow_3[Amount],Cash_Flow_3[Bulan],H7,Cash_Flow_3[Type],"Out",Cash_Flow_3[Category],"Jajan") -> 38000 | O7: =SUMIFS(Cash_Flow_3[Amount],Cash_Flow_3[Bulan],H7,Cash_Flow_3[Type],"Out",Cash_Flow_3[Category],"Kitchen") -> 87000 | P7: =SUMIFS(Cash_Flow_3[Amount],Cash_Flow_3[Bulan],H7,Cash_Flow_3[Type],"Out",Cash_Flow_3[Category],"Loandry") -> 0 | Q7: =SUMIFS(Cash_Flow_3[Amount],Cash_Flow_3[Bulan],H7,Cash_Flow_3[Type],"Out",Cash_Flow_3[Category],"Mio") -> 0 | R7: =SUMIFS(Cash_Flow_3[Amount],Cash_Flow_3[Bulan],H7,Cash_Flow_3[Type],"Out",Cash_Flow_3[Category],"Sedekah") -> 0 | S7: =SUMIFS(Cash_Flow_3[Amount],Cash_Flow_3[Bulan],H7,Cash_Flow_3[Type],"Out",Cash_Flow_3[Category],"Zela") -> 0 | T7: =SUMIFS(Cash_Flow_3[Amount],Cash_Flow_3[Bulan],H7,Cash_Flow_3[Type],"Out",Cash_Flow_3[Category],"Iqbal") -> 0
A8: 46051 | B8: Token listrik 100k (65,30 kwh) | C8: ATM | D8: Out | E8: Fix | F8: 99450 | H8: =IF(A8="","", DATE(YEAR(A8),MONTH(A8),1) ) -> 46023 | I8: =SUMIFS(Cash_Flow_3[Amount],Cash_Flow_3[Bulan],H8,Cash_Flow_3[Type],"In") -> 543327 | J8: =SUMIFS(Cash_Flow_3[Amount],Cash_Flow_3[Bulan],H8,Cash_Flow_3[Type],"Out") -> 475850 | K8: =SUMIFS(Cash_Flow_3[Amount],Cash_Flow_3[Bulan],H8,Cash_Flow_3[Type],"Out",Cash_Flow_3[Category],"Fix") -> 114450 | L8: =SUMIFS(Cash_Flow_3[Amount],Cash_Flow_3[Bulan],H8,Cash_Flow_3[Type],"Out",Cash_Flow_3[Category],"Bathroom") -> 0 | M8: =SUMIFS(Cash_Flow_3[Amount],Cash_Flow_3[Bulan],H8,Cash_Flow_3[Type],"Out",Cash_Flow_3[Category],"Alfa") -> 36400 | N8: =SUMIFS(Cash_Flow_3[Amount],Cash_Flow_3[Bulan],H8,Cash_Flow_3[Type],"Out",Cash_Flow_3[Category],"Jajan") -> 38000 | O8: =SUMIFS(Cash_Flow_3[Amount],Cash_Flow_3[Bulan],H8,Cash_Flow_3[Type],"Out",Cash_Flow_3[Category],"Kitchen") -> 87000 | P8: =SUMIFS(Cash_Flow_3[Amount],Cash_Flow_3[Bulan],H8,Cash_Flow_3[Type],"Out",Cash_Flow_3[Category],"Loandry") -> 0 | Q8: =SUMIFS(Cash_Flow_3[Amount],Cash_Flow_3[Bulan],H8,Cash_Flow_3[Type],"Out",Cash_Flow_3[Category],"Mio") -> 0 | R8: =SUMIFS(Cash_Flow_3[Amount],Cash_Flow_3[Bulan],H8,Cash_Flow_3[Type],"Out",Cash_Flow_3[Category],"Sedekah") -> 0 | S8: =SUMIFS(Cash_Flow_3[Amount],Cash_Flow_3[Bulan],H8,Cash_Flow_3[Type],"Out",Cash_Flow_3[Category],"Zela") -> 0 | T8: =SUMIFS(Cash_Flow_3[Amount],Cash_Flow_3[Bulan],H8,Cash_Flow_3[Type],"Out",Cash_Flow_3[Category],"Iqbal") -> 0
A9: 46052 | B9: Istriku | C9: ATM | D9: Out | E9: Move | F9: 50000 | H9: =IF(A9="","", DATE(YEAR(A9),MONTH(A9),1) ) -> 46023 | I9: =SUMIFS(Cash_Flow_3[Amount],Cash_Flow_3[Bulan],H9,Cash_Flow_3[Type],"In") -> 543327 | J9: =SUMIFS(Cash_Flow_3[Amount],Cash_Flow_3[Bulan],H9,Cash_Flow_3[Type],"Out") -> 475850 | K9: =SUMIFS(Cash_Flow_3[Amount],Cash_Flow_3[Bulan],H9,Cash_Flow_3[Type],"Out",Cash_Flow_3[Category],"Fix") -> 114450 | L9: =SUMIFS(Cash_Flow_3[Amount],Cash_Flow_3[Bulan],H9,Cash_Flow_3[Type],"Out",Cash_Flow_3[Category],"Bathroom") -> 0 | M9: =SUMIFS(Cash_Flow_3[Amount],Cash_Flow_3[Bulan],H9,Cash_Flow_3[Type],"Out",Cash_Flow_3[Category],"Alfa") -> 36400 | N9: =SUMIFS(Cash_Flow_3[Amount],Cash_Flow_3[Bulan],H9,Cash_Flow_3[Type],"Out",Cash_Flow_3[Category],"Jajan") -> 38000 | O9: =SUMIFS(Cash_Flow_3[Amount],Cash_Flow_3[Bulan],H9,Cash_Flow_3[Type],"Out",Cash_Flow_3[Category],"Kitchen") -> 87000 | P9: =SUMIFS(Cash_Flow_3[Amount],Cash_Flow_3[Bulan],H9,Cash_Flow_3[Type],"Out",Cash_Flow_3[Category],"Loandry") -> 0 | Q9: =SUMIFS(Cash_Flow_3[Amount],Cash_Flow_3[Bulan],H9,Cash_Flow_3[Type],"Out",Cash_Flow_3[Category],"Mio") -> 0 | R9: =SUMIFS(Cash_Flow_3[Amount],Cash_Flow_3[Bulan],H9,Cash_Flow_3[Type],"Out",Cash_Flow_3[Category],"Sedekah") -> 0 | S9: =SUMIFS(Cash_Flow_3[Amount],Cash_Flow_3[Bulan],H9,Cash_Flow_3[Type],"Out",Cash_Flow_3[Category],"Zela") -> 0 | T9: =SUMIFS(Cash_Flow_3[Amount],Cash_Flow_3[Bulan],H9,Cash_Flow_3[Type],"Out",Cash_Flow_3[Category],"Iqbal") -> 0
A10: 46055 | B10: Gaji Januari 2026 | C10: ATM | D10: In | E10: Fix | F10: 4353235 | H10: =IF(A10="","", DATE(YEAR(A10),MONTH(A10),1) ) -> 46054 | I10: =SUMIFS(Cash_Flow_3[Amount],Cash_Flow_3[Bulan],H10,Cash_Flow_3[Type],"In") -> 7073728 | J10: =SUMIFS(Cash_Flow_3[Amount],Cash_Flow_3[Bulan],H10,Cash_Flow_3[Type],"Out") -> 6908733 | K10: =SUMIFS(Cash_Flow_3[Amount],Cash_Flow_3[Bulan],H10,Cash_Flow_3[Type],"Out",Cash_Flow_3[Category],"Fix") -> 2440568 | L10: =SUMIFS(Cash_Flow_3[Amount],Cash_Flow_3[Bulan],H10,Cash_Flow_3[Type],"Out",Cash_Flow_3[Category],"Bathroom") -> 34500 | M10: =SUMIFS(Cash_Flow_3[Amount],Cash_Flow_3[Bulan],H10,Cash_Flow_3[Type],"Out",Cash_Flow_3[Category],"Alfa") -> 293800 | N10: =SUMIFS(Cash_Flow_3[Amount],Cash_Flow_3[Bulan],H10,Cash_Flow_3[Type],"Out",Cash_Flow_3[Category],"Jajan") -> 364000 | O10: =SUMIFS(Cash_Flow_3[Amount],Cash_Flow_3[Bulan],H10,Cash_Flow_3[Type],"Out",Cash_Flow_3[Category],"Kitchen") -> 992724 | P10: =SUMIFS(Cash_Flow_3[Amount],Cash_Flow_3[Bulan],H10,Cash_Flow_3[Type],"Out",Cash_Flow_3[Category],"Loandry") -> 41600 | Q10: =SUMIFS(Cash_Flow_3[Amount],Cash_Flow_3[Bulan],H10,Cash_Flow_3[Type],"Out",Cash_Flow_3[Category],"Mio") -> 249000 | R10: =SUMIFS(Cash_Flow_3[Amount],Cash_Flow_3[Bulan],H10,Cash_Flow_3[Type],"Out",Cash_Flow_3[Category],"Sedekah") -> 129000 | S10: =SUMIFS(Cash_Flow_3[Amount],Cash_Flow_3[Bulan],H10,Cash_Flow_3[Type],"Out",Cash_Flow_3[Category],"Zela") -> 24100 | T10: =SUMIFS(Cash_Flow_3[Amount],Cash_Flow_3[Bulan],H10,Cash_Flow_3[Type],"Out",Cash_Flow_3[Category],"Iqbal") -> 121000
A11: 46055 | B11: Byu 10GB | C11: ATM | D11: Out | E11: Fix | F11: 25000 | H11: =IF(A11="","", DATE(YEAR(A11),MONTH(A11),1) ) -> 46054 | I11: =SUMIFS(Cash_Flow_3[Amount],Cash_Flow_3[Bulan],H11,Cash_Flow_3[Type],"In") -> 7073728 | J11: =SUMIFS(Cash_Flow_3[Amount],Cash_Flow_3[Bulan],H11,Cash_Flow_3[Type],"Out") -> 6908733 | K11: =SUMIFS(Cash_Flow_3[Amount],Cash_Flow_3[Bulan],H11,Cash_Flow_3[Type],"Out",Cash_Flow_3[Category],"Fix") -> 2440568 | L11: =SUMIFS(Cash_Flow_3[Amount],Cash_Flow_3[Bulan],H11,Cash_Flow_3[Type],"Out",Cash_Flow_3[Category],"Bathroom") -> 34500 | M11: =SUMIFS(Cash_Flow_3[Amount],Cash_Flow_3[Bulan],H11,Cash_Flow_3[Type],"Out",Cash_Flow_3[Category],"Alfa") -> 293800 | N11: =SUMIFS(Cash_Flow_3[Amount],Cash_Flow_3[Bulan],H11,Cash_Flow_3[Type],"Out",Cash_Flow_3[Category],"Jajan") -> 364000 | O11: =SUMIFS(Cash_Flow_3[Amount],Cash_Flow_3[Bulan],H11,Cash_Flow_3[Type],"Out",Cash_Flow_3[Category],"Kitchen") -> 992724 | P11: =SUMIFS(Cash_Flow_3[Amount],Cash_Flow_3[Bulan],H11,Cash_Flow_3[Type],"Out",Cash_Flow_3[Category],"Loandry") -> 41600 | Q11: =SUMIFS(Cash_Flow_3[Amount],Cash_Flow_3[Bulan],H11,Cash_Flow_3[Type],"Out",Cash_Flow_3[Category],"Mio") -> 249000 | R11: =SUMIFS(Cash_Flow_3[Amount],Cash_Flow_3[Bulan],H11,Cash_Flow_3[Type],"Out",Cash_Flow_3[Category],"Sedekah") -> 129000 | S11: =SUMIFS(Cash_Flow_3[Amount],Cash_Flow_3[Bulan],H11,Cash_Flow_3[Type],"Out",Cash_Flow_3[Category],"Zela") -> 24100 | T11: =SUMIFS(Cash_Flow_3[Amount],Cash_Flow_3[Bulan],H11,Cash_Flow_3[Type],"Out",Cash_Flow_3[Category],"Iqbal") -> 121000
A12: 46055 | B12: Istriku | C12: ATM | D12: Out | E12: Move | F12: 1774441 | H12: =IF(A12="","", DATE(YEAR(A12),MONTH(A12),1) ) -> 46054 | I12: =SUMIFS(Cash_Flow_3[Amount],Cash_Flow_3[Bulan],H12,Cash_Flow_3[Type],"In") -> 7073728 | J12: =SUMIFS(Cash_Flow_3[Amount],Cash_Flow_3[Bulan],H12,Cash_Flow_3[Type],"Out") -> 6908733 | K12: =SUMIFS(Cash_Flow_3[Amount],Cash_Flow_3[Bulan],H12,Cash_Flow_3[Type],"Out",Cash_Flow_3[Category],"Fix") -> 2440568 | L12: =SUMIFS(Cash_Flow_3[Amount],Cash_Flow_3[Bulan],H12,Cash_Flow_3[Type],"Out",Cash_Flow_3[Category],"Bathroom") -> 34500 | M12: =SUMIFS(Cash_Flow_3[Amount],Cash_Flow_3[Bulan],H12,Cash_Flow_3[Type],"Out",Cash_Flow_3[Category],"Alfa") -> 293800 | N12: =SUMIFS(Cash_Flow_3[Amount],Cash_Flow_3[Bulan],H12,Cash_Flow_3[Type],"Out",Cash_Flow_3[Category],"Jajan") -> 364000 | O12: =SUMIFS(Cash_Flow_3[Amount],Cash_Flow_3[Bulan],H12,Cash_Flow_3[Type],"Out",Cash_Flow_3[Category],"Kitchen") -> 992724 | P12: =SUMIFS(Cash_Flow_3[Amount],Cash_Flow_3[Bulan],H12,Cash_Flow_3[Type],"Out",Cash_Flow_3[Category],"Loandry") -> 41600 | Q12: =SUMIFS(Cash_Flow_3[Amount],Cash_Flow_3[Bulan],H12,Cash_Flow_3[Type],"Out",Cash_Flow_3[Category],"Mio") -> 249000 | R12: =SUMIFS(Cash_Flow_3[Amount],Cash_Flow_3[Bulan],H12,Cash_Flow_3[Type],"Out",Cash_Flow_3[Category],"Sedekah") -> 129000 | S12: =SUMIFS(Cash_Flow_3[Amount],Cash_Flow_3[Bulan],H12,Cash_Flow_3[Type],"Out",Cash_Flow_3[Category],"Zela") -> 24100 | T12: =SUMIFS(Cash_Flow_3[Amount],Cash_Flow_3[Bulan],H12,Cash_Flow_3[Type],"Out",Cash_Flow_3[Category],"Iqbal") -> 121000
A13: 46055 | B13: Bayar uang Adi | C13: ATM | D13: Out | E13: Fix | F13: 300000 | H13: =IF(A13="","", DATE(YEAR(A13),MONTH(A13),1) ) -> 46054 | I13: =SUMIFS(Cash_Flow_3[Amount],Cash_Flow_3[Bulan],H13,Cash_Flow_3[Type],"In") -> 7073728 | J13: =SUMIFS(Cash_Flow_3[Amount],Cash_Flow_3[Bulan],H13,Cash_Flow_3[Type],"Out") -> 6908733 | K13: =SUMIFS(Cash_Flow_3[Amount],Cash_Flow_3[Bulan],H13,Cash_Flow_3[Type],"Out",Cash_Flow_3[Category],"Fix") -> 2440568 | L13: =SUMIFS(Cash_Flow_3[Amount],Cash_Flow_3[Bulan],H13,Cash_Flow_3[Type],"Out",Cash_Flow_3[Category],"Bathroom") -> 34500 | M13: =SUMIFS(Cash_Flow_3[Amount],Cash_Flow_3[Bulan],H13,Cash_Flow_3[Type],"Out",Cash_Flow_3[Category],"Alfa") -> 293800 | N13: =SUMIFS(Cash_Flow_3[Amount],Cash_Flow_3[Bulan],H13,Cash_Flow_3[Type],"Out",Cash_Flow_3[Category],"Jajan") -> 364000 | O13: =SUMIFS(Cash_Flow_3[Amount],Cash_Flow_3[Bulan],H13,Cash_Flow_3[Type],"Out",Cash_Flow_3[Category],"Kitchen") -> 992724 | P13: =SUMIFS(Cash_Flow_3[Amount],Cash_Flow_3[Bulan],H13,Cash_Flow_3[Type],"Out",Cash_Flow_3[Category],"Loandry") -> 41600 | Q13: =SUMIFS(Cash_Flow_3[Amount],Cash_Flow_3[Bulan],H13,Cash_Flow_3[Type],"Out",Cash_Flow_3[Category],"Mio") -> 249000 | R13: =SUMIFS(Cash_Flow_3[Amount],Cash_Flow_3[Bulan],H13,Cash_Flow_3[Type],"Out",Cash_Flow_3[Category],"Sedekah") -> 129000 | S13: =SUMIFS(Cash_Flow_3[Amount],Cash_Flow_3[Bulan],H13,Cash_Flow_3[Type],"Out",Cash_Flow_3[Category],"Zela") -> 24100 | T13: =SUMIFS(Cash_Flow_3[Amount],Cash_Flow_3[Bulan],H13,Cash_Flow_3[Type],"Out",Cash_Flow_3[Category],"Iqbal") -> 121000
A14: 46055 | B14: Iqbal Shopee (5) | C14: ATM | D14: Out | E14: Fix | F14: 624137 | H14: =IF(A14="","", DATE(YEAR(A14),MONTH(A14),1) ) -> 46054 | I14: =SUMIFS(Cash_Flow_3[Amount],Cash_Flow_3[Bulan],H14,Cash_Flow_3[Type],"In") -> 7073728 | J14: =SUMIFS(Cash_Flow_3[Amount],Cash_Flow_3[Bulan],H14,Cash_Flow_3[Type],"Out") -> 6908733 | K14: =SUMIFS(Cash_Flow_3[Amount],Cash_Flow_3[Bulan],H14,Cash_Flow_3[Type],"Out",Cash_Flow_3[Category],"Fix") -> 2440568 | L14: =SUMIFS(Cash_Flow_3[Amount],Cash_Flow_3[Bulan],H14,Cash_Flow_3[Type],"Out",Cash_Flow_3[Category],"Bathroom") -> 34500 | M14: =SUMIFS(Cash_Flow_3[Amount],Cash_Flow_3[Bulan],H14,Cash_Flow_3[Type],"Out",Cash_Flow_3[Category],"Alfa") -> 293800 | N14: =SUMIFS(Cash_Flow_3[Amount],Cash_Flow_3[Bulan],H14,Cash_Flow_3[Type],"Out",Cash_Flow_3[Category],"Jajan") -> 364000 | O14: =SUMIFS(Cash_Flow_3[Amount],Cash_Flow_3[Bulan],H14,Cash_Flow_3[Type],"Out",Cash_Flow_3[Category],"Kitchen") -> 992724 | P14: =SUMIFS(Cash_Flow_3[Amount],Cash_Flow_3[Bulan],H14,Cash_Flow_3[Type],"Out",Cash_Flow_3[Category],"Loandry") -> 41600 | Q14: =SUMIFS(Cash_Flow_3[Amount],Cash_Flow_3[Bulan],H14,Cash_Flow_3[Type],"Out",Cash_Flow_3[Category],"Mio") -> 249000 | R14: =SUMIFS(Cash_Flow_3[Amount],Cash_Flow_3[Bulan],H14,Cash_Flow_3[Type],"Out",Cash_Flow_3[Category],"Sedekah") -> 129000 | S14: =SUMIFS(Cash_Flow_3[Amount],Cash_Flow_3[Bulan],H14,Cash_Flow_3[Type],"Out",Cash_Flow_3[Category],"Zela") -> 24100 | T14: =SUMIFS(Cash_Flow_3[Amount],Cash_Flow_3[Bulan],H14,Cash_Flow_3[Type],"Out",Cash_Flow_3[Category],"Iqbal") -> 121000
A15: 46055 | B15: Kulkas (2) | C15: ATM | D15: Out | E15: Fix | F15: 279187 | H15: =IF(A15="","", DATE(YEAR(A15),MONTH(A15),1) ) -> 46054 | I15: =SUMIFS(Cash_Flow_3[Amount],Cash_Flow_3[Bulan],H15,Cash_Flow_3[Type],"In") -> 7073728 | J15: =SUMIFS(Cash_Flow_3[Amount],Cash_Flow_3[Bulan],H15,Cash_Flow_3[Type],"Out") -> 6908733 | K15: =SUMIFS(Cash_Flow_3[Amount],Cash_Flow_3[Bulan],H15,Cash_Flow_3[Type],"Out",Cash_Flow_3[Category],"Fix") -> 2440568 | L15: =SUMIFS(Cash_Flow_3[Amount],Cash_Flow_3[Bulan],H15,Cash_Flow_3[Type],"Out",Cash_Flow_3[Category],"Bathroom") -> 34500 | M15: =SUMIFS(Cash_Flow_3[Amount],Cash_Flow_3[Bulan],H15,Cash_Flow_3[Type],"Out",Cash_Flow_3[Category],"Alfa") -> 293800 | N15: =SUMIFS(Cash_Flow_3[Amount],Cash_Flow_3[Bulan],H15,Cash_Flow_3[Type],"Out",Cash_Flow_3[Category],"Jajan") -> 364000 | O15: =SUMIFS(Cash_Flow_3[Amount],Cash_Flow_3[Bulan],H15,Cash_Flow_3[Type],"Out",Cash_Flow_3[Category],"Kitchen") -> 992724 | P15: =SUMIFS(Cash_Flow_3[Amount],Cash_Flow_3[Bulan],H15,Cash_Flow_3[Type],"Out",Cash_Flow_3[Category],"Loandry") -> 41600 | Q15: =SUMIFS(Cash_Flow_3[Amount],Cash_Flow_3[Bulan],H15,Cash_Flow_3[Type],"Out",Cash_Flow_3[Category],"Mio") -> 249000 | R15: =SUMIFS(Cash_Flow_3[Amount],Cash_Flow_3[Bulan],H15,Cash_Flow_3[Type],"Out",Cash_Flow_3[Category],"Sedekah") -> 129000 | S15: =SUMIFS(Cash_Flow_3[Amount],Cash_Flow_3[Bulan],H15,Cash_Flow_3[Type],"Out",Cash_Flow_3[Category],"Zela") -> 24100 | T15: =SUMIFS(Cash_Flow_3[Amount],Cash_Flow_3[Bulan],H15,Cash_Flow_3[Type],"Out",Cash_Flow_3[Category],"Iqbal") -> 121000
A16: 46056 | B16: Potong rambut | C16: ATM | D16: Out | E16: Iqbal | F16: 30000 | H16: =IF(A16="","", DATE(YEAR(A16),MONTH(A16),1) ) -> 46054 | I16: =SUMIFS(Cash_Flow_3[Amount],Cash_Flow_3[Bulan],H16,Cash_Flow_3[Type],"In") -> 7073728 | J16: =SUMIFS(Cash_Flow_3[Amount],Cash_Flow_3[Bulan],H16,Cash_Flow_3[Type],"Out") -> 6908733 | K16: =SUMIFS(Cash_Flow_3[Amount],Cash_Flow_3[Bulan],H16,Cash_Flow_3[Type],"Out",Cash_Flow_3[Category],"Fix") -> 2440568 | L16: =SUMIFS(Cash_Flow_3[Amount],Cash_Flow_3[Bulan],H16,Cash_Flow_3[Type],"Out",Cash_Flow_3[Category],"Bathroom") -> 34500 | M16: =SUMIFS(Cash_Flow_3[Amount],Cash_Flow_3[Bulan],H16,Cash_Flow_3[Type],"Out",Cash_Flow_3[Category],"Alfa") -> 293800 | N16: =SUMIFS(Cash_Flow_3[Amount],Cash_Flow_3[Bulan],H16,Cash_Flow_3[Type],"Out",Cash_Flow_3[Category],"Jajan") -> 364000 | O16: =SUMIFS(Cash_Flow_3[Amount],Cash_Flow_3[Bulan],H16,Cash_Flow_3[Type],"Out",Cash_Flow_3[Category],"Kitchen") -> 992724 | P16: =SUMIFS(Cash_Flow_3[Amount],Cash_Flow_3[Bulan],H16,Cash_Flow_3[Type],"Out",Cash_Flow_3[Category],"Loandry") -> 41600 | Q16: =SUMIFS(Cash_Flow_3[Amount],Cash_Flow_3[Bulan],H16,Cash_Flow_3[Type],"Out",Cash_Flow_3[Category],"Mio") -> 249000 | R16: =SUMIFS(Cash_Flow_3[Amount],Cash_Flow_3[Bulan],H16,Cash_Flow_3[Type],"Out",Cash_Flow_3[Category],"Sedekah") -> 129000 | S16: =SUMIFS(Cash_Flow_3[Amount],Cash_Flow_3[Bulan],H16,Cash_Flow_3[Type],"Out",Cash_Flow_3[Category],"Zela") -> 24100 | T16: =SUMIFS(Cash_Flow_3[Amount],Cash_Flow_3[Bulan],H16,Cash_Flow_3[Type],"Out",Cash_Flow_3[Category],"Iqbal") -> 121000
... A363: 46106 | B363: Pempes Alf a | C363: Cash | D363: Out | E363: Alfa | F363: 42500 | H363: =IF(A363="","", DATE(YEAR(A363),MONTH(A363),1) ) -> 46082 | I363: =SUMIFS(Cash_Flow_3[Amount],Cash_Flow_3[Bulan],H363,Cash_Flow_3[Type],"In") -> 13015393 | J363: =SUMIFS(Cash_Flow_3[Amount],Cash_Flow_3[Bulan],H363,Cash_Flow_3[Type],"Out") -> 10475288 | K363: =SUMIFS(Cash_Flow_3[Amount],Cash_Flow_3[Bulan],H363,Cash_Flow_3[Type],"Out",Cash_Flow_3[Category],"Fix") -> 2908413 | L363: =SUMIFS(Cash_Flow_3[Amount],Cash_Flow_3[Bulan],H363,Cash_Flow_3[Type],"Out",Cash_Flow_3[Category],"Bathroom") -> 48473 | M363: =SUMIFS(Cash_Flow_3[Amount],Cash_Flow_3[Bulan],H363,Cash_Flow_3[Type],"Out",Cash_Flow_3[Category],"Alfa") -> 775042 | N363: =SUMIFS(Cash_Flow_3[Amount],Cash_Flow_3[Bulan],H363,Cash_Flow_3[Type],"Out",Cash_Flow_3[Category],"Jajan") -> 795099 | O363: =SUMIFS(Cash_Flow_3[Amount],Cash_Flow_3[Bulan],H363,Cash_Flow_3[Type],"Out",Cash_Flow_3[Category],"Kitchen") -> 1003600 | P363: =SUMIFS(Cash_Flow_3[Amount],Cash_Flow_3[Bulan],H363,Cash_Flow_3[Type],"Out",Cash_Flow_3[Category],"Loandry") -> 41000 | Q363: =SUMIFS(Cash_Flow_3[Amount],Cash_Flow_3[Bulan],H363,Cash_Flow_3[Type],"Out",Cash_Flow_3[Category],"Mio") -> 364500 | R363: =SUMIFS(Cash_Flow_3[Amount],Cash_Flow_3[Bulan],H363,Cash_Flow_3[Type],"Out",Cash_Flow_3[Category],"Sedekah") -> 130000 | S363: =SUMIFS(Cash_Flow_3[Amount],Cash_Flow_3[Bulan],H363,Cash_Flow_3[Type],"Out",Cash_Flow_3[Category],"Zela") -> 215161 | T363: =SUMIFS(Cash_Flow_3[Amount],Cash_Flow_3[Bulan],H363,Cash_Flow_3[Type],"Out",Cash_Flow_3[Category],"Iqbal") -> 160000
H364: =IF(A364="","", DATE(YEAR(A364),MONTH(A364),1) ) | I364: =SUMIFS(Cash_Flow_3[Amount],Cash_Flow_3[Bulan],H364,Cash_Flow_3[Type],"In") -> 0 | J364: =SUMIFS(Cash_Flow_3[Amount],Cash_Flow_3[Bulan],H364,Cash_Flow_3[Type],"Out") -> 0 | K364: =SUMIFS(Cash_Flow_3[Amount],Cash_Flow_3[Bulan],H364,Cash_Flow_3[Type],"Out",Cash_Flow_3[Category],"Fix") -> 0 | L364: =SUMIFS(Cash_Flow_3[Amount],Cash_Flow_3[Bulan],H364,Cash_Flow_3[Type],"Out",Cash_Flow_3[Category],"Bathroom") -> 0 | M364: =SUMIFS(Cash_Flow_3[Amount],Cash_Flow_3[Bulan],H364,Cash_Flow_3[Type],"Out",Cash_Flow_3[Category],"Alfa") -> 0 | N364: =SUMIFS(Cash_Flow_3[Amount],Cash_Flow_3[Bulan],H364,Cash_Flow_3[Type],"Out",Cash_Flow_3[Category],"Jajan") -> 0 | O364: =SUMIFS(Cash_Flow_3[Amount],Cash_Flow_3[Bulan],H364,Cash_Flow_3[Type],"Out",Cash_Flow_3[Category],"Kitchen") -> 0 | P364: =SUMIFS(Cash_Flow_3[Amount],Cash_Flow_3[Bulan],H364,Cash_Flow_3[Type],"Out",Cash_Flow_3[Category],"Loandry") -> 0 | Q364: =SUMIFS(Cash_Flow_3[Amount],Cash_Flow_3[Bulan],H364,Cash_Flow_3[Type],"Out",Cash_Flow_3[Category],"Mio") -> 0 | R364: =SUMIFS(Cash_Flow_3[Amount],Cash_Flow_3[Bulan],H364,Cash_Flow_3[Type],"Out",Cash_Flow_3[Category],"Sedekah") -> 0 | S364: =SUMIFS(Cash_Flow_3[Amount],Cash_Flow_3[Bulan],H364,Cash_Flow_3[Type],"Out",Cash_Flow_3[Category],"Zela") -> 0 | T364: =SUMIFS(Cash_Flow_3[Amount],Cash_Flow_3[Bulan],H364,Cash_Flow_3[Type],"Out",Cash_Flow_3[Category],"Iqbal") -> 0
H365: =IF(A365="","", DATE(YEAR(A365),MONTH(A365),1) ) | I365: =SUMIFS(Cash_Flow_3[Amount],Cash_Flow_3[Bulan],H365,Cash_Flow_3[Type],"In") -> 0 | J365: =SUMIFS(Cash_Flow_3[Amount],Cash_Flow_3[Bulan],H365,Cash_Flow_3[Type],"Out") -> 0 | K365: =SUMIFS(Cash_Flow_3[Amount],Cash_Flow_3[Bulan],H365,Cash_Flow_3[Type],"Out",Cash_Flow_3[Category],"Fix") -> 0 | L365: =SUMIFS(Cash_Flow_3[Amount],Cash_Flow_3[Bulan],H365,Cash_Flow_3[Type],"Out",Cash_Flow_3[Category],"Bathroom") -> 0 | M365: =SUMIFS(Cash_Flow_3[Amount],Cash_Flow_3[Bulan],H365,Cash_Flow_3[Type],"Out",Cash_Flow_3[Category],"Alfa") -> 0 | N365: =SUMIFS(Cash_Flow_3[Amount],Cash_Flow_3[Bulan],H365,Cash_Flow_3[Type],"Out",Cash_Flow_3[Category],"Jajan") -> 0 | O365: =SUMIFS(Cash_Flow_3[Amount],Cash_Flow_3[Bulan],H365,Cash_Flow_3[Type],"Out",Cash_Flow_3[Category],"Kitchen") -> 0 | P365: =SUMIFS(Cash_Flow_3[Amount],Cash_Flow_3[Bulan],H365,Cash_Flow_3[Type],"Out",Cash_Flow_3[Category],"Loandry") -> 0 | Q365: =SUMIFS(Cash_Flow_3[Amount],Cash_Flow_3[Bulan],H365,Cash_Flow_3[Type],"Out",Cash_Flow_3[Category],"Mio") -> 0 | R365: =SUMIFS(Cash_Flow_3[Amount],Cash_Flow_3[Bulan],H365,Cash_Flow_3[Type],"Out",Cash_Flow_3[Category],"Sedekah") -> 0 | S365: =SUMIFS(Cash_Flow_3[Amount],Cash_Flow_3[Bulan],H365,Cash_Flow_3[Type],"Out",Cash_Flow_3[Category],"Zela") -> 0 | T365: =SUMIFS(Cash_Flow_3[Amount],Cash_Flow_3[Bulan],H365,Cash_Flow_3[Type],"Out",Cash_Flow_3[Category],"Iqbal") -> 0
H366: =IF(A366="","", DATE(YEAR(A366),MONTH(A366),1) ) | I366: =SUMIFS(Cash_Flow_3[Amount],Cash_Flow_3[Bulan],H366,Cash_Flow_3[Type],"In") -> 0 | J366: =SUMIFS(Cash_Flow_3[Amount],Cash_Flow_3[Bulan],H366,Cash_Flow_3[Type],"Out") -> 0 | K366: =SUMIFS(Cash_Flow_3[Amount],Cash_Flow_3[Bulan],H366,Cash_Flow_3[Type],"Out",Cash_Flow_3[Category],"Fix") -> 0 | L366: =SUMIFS(Cash_Flow_3[Amount],Cash_Flow_3[Bulan],H366,Cash_Flow_3[Type],"Out",Cash_Flow_3[Category],"Bathroom") -> 0 | M366: =SUMIFS(Cash_Flow_3[Amount],Cash_Flow_3[Bulan],H366,Cash_Flow_3[Type],"Out",Cash_Flow_3[Category],"Alfa") -> 0 | N366: =SUMIFS(Cash_Flow_3[Amount],Cash_Flow_3[Bulan],H366,Cash_Flow_3[Type],"Out",Cash_Flow_3[Category],"Jajan") -> 0 | O366: =SUMIFS(Cash_Flow_3[Amount],Cash_Flow_3[Bulan],H366,Cash_Flow_3[Type],"Out",Cash_Flow_3[Category],"Kitchen") -> 0 | P366: =SUMIFS(Cash_Flow_3[Amount],Cash_Flow_3[Bulan],H366,Cash_Flow_3[Type],"Out",Cash_Flow_3[Category],"Loandry") -> 0 | Q366: =SUMIFS(Cash_Flow_3[Amount],Cash_Flow_3[Bulan],H366,Cash_Flow_3[Type],"Out",Cash_Flow_3[Category],"Mio") -> 0 | R366: =SUMIFS(Cash_Flow_3[Amount],Cash_Flow_3[Bulan],H366,Cash_Flow_3[Type],"Out",Cash_Flow_3[Category],"Sedekah") -> 0 | S366: =SUMIFS(Cash_Flow_3[Amount],Cash_Flow_3[Bulan],H366,Cash_Flow_3[Type],"Out",Cash_Flow_3[Category],"Zela") -> 0 | T366: =SUMIFS(Cash_Flow_3[Amount],Cash_Flow_3[Bulan],H366,Cash_Flow_3[Type],"Out",Cash_Flow_3[Category],"Iqbal") -> 0
H367: =IF(A367="","", DATE(YEAR(A367),MONTH(A367),1) ) | I367: =SUMIFS(Cash_Flow_3[Amount],Cash_Flow_3[Bulan],H367,Cash_Flow_3[Type],"In") -> 0 | J367: =SUMIFS(Cash_Flow_3[Amount],Cash_Flow_3[Bulan],H367,Cash_Flow_3[Type],"Out") -> 0 | K367: =SUMIFS(Cash_Flow_3[Amount],Cash_Flow_3[Bulan],H367,Cash_Flow_3[Type],"Out",Cash_Flow_3[Category],"Fix") -> 0 | L367: =SUMIFS(Cash_Flow_3[Amount],Cash_Flow_3[Bulan],H367,Cash_Flow_3[Type],"Out",Cash_Flow_3[Category],"Bathroom") -> 0 | M367: =SUMIFS(Cash_Flow_3[Amount],Cash_Flow_3[Bulan],H367,Cash_Flow_3[Type],"Out",Cash_Flow_3[Category],"Alfa") -> 0 | N367: =SUMIFS(Cash_Flow_3[Amount],Cash_Flow_3[Bulan],H367,Cash_Flow_3[Type],"Out",Cash_Flow_3[Category],"Jajan") -> 0 | O367: =SUMIFS(Cash_Flow_3[Amount],Cash_Flow_3[Bulan],H367,Cash_Flow_3[Type],"Out",Cash_Flow_3[Category],"Kitchen") -> 0 | P367: =SUMIFS(Cash_Flow_3[Amount],Cash_Flow_3[Bulan],H367,Cash_Flow_3[Type],"Out",Cash_Flow_3[Category],"Loandry") -> 0 | Q367: =SUMIFS(Cash_Flow_3[Amount],Cash_Flow_3[Bulan],H367,Cash_Flow_3[Type],"Out",Cash_Flow_3[Category],"Mio") -> 0 | R367: =SUMIFS(Cash_Flow_3[Amount],Cash_Flow_3[Bulan],H367,Cash_Flow_3[Type],"Out",Cash_Flow_3[Category],"Sedekah") -> 0 | S367: =SUMIFS(Cash_Flow_3[Amount],Cash_Flow_3[Bulan],H367,Cash_Flow_3[Type],"Out",Cash_Flow_3[Category],"Zela") -> 0 | T367: =SUMIFS(Cash_Flow_3[Amount],Cash_Flow_3[Bulan],H367,Cash_Flow_3[Type],"Out",Cash_Flow_3[Category],"Iqbal") -> 0
H368: =IF(A368="","", DATE(YEAR(A368),MONTH(A368),1) ) | I368: =SUMIFS(Cash_Flow_3[Amount],Cash_Flow_3[Bulan],H368,Cash_Flow_3[Type],"In") -> 0 | J368: =SUMIFS(Cash_Flow_3[Amount],Cash_Flow_3[Bulan],H368,Cash_Flow_3[Type],"Out") -> 0 | K368: =SUMIFS(Cash_Flow_3[Amount],Cash_Flow_3[Bulan],H368,Cash_Flow_3[Type],"Out",Cash_Flow_3[Category],"Fix") -> 0 | L368: =SUMIFS(Cash_Flow_3[Amount],Cash_Flow_3[Bulan],H368,Cash_Flow_3[Type],"Out",Cash_Flow_3[Category],"Bathroom") -> 0 | M368: =SUMIFS(Cash_Flow_3[Amount],Cash_Flow_3[Bulan],H368,Cash_Flow_3[Type],"Out",Cash_Flow_3[Category],"Alfa") -> 0 | N368: =SUMIFS(Cash_Flow_3[Amount],Cash_Flow_3[Bulan],H368,Cash_Flow_3[Type],"Out",Cash_Flow_3[Category],"Jajan") -> 0 | O368: =SUMIFS(Cash_Flow_3[Amount],Cash_Flow_3[Bulan],H368,Cash_Flow_3[Type],"Out",Cash_Flow_3[Category],"Kitchen") -> 0 | P368: =SUMIFS(Cash_Flow_3[Amount],Cash_Flow_3[Bulan],H368,Cash_Flow_3[Type],"Out",Cash_Flow_3[Category],"Loandry") -> 0 | Q368: =SUMIFS(Cash_Flow_3[Amount],Cash_Flow_3[Bulan],H368,Cash_Flow_3[Type],"Out",Cash_Flow_3[Category],"Mio") -> 0 | R368: =SUMIFS(Cash_Flow_3[Amount],Cash_Flow_3[Bulan],H368,Cash_Flow_3[Type],"Out",Cash_Flow_3[Category],"Sedekah") -> 0 | S368: =SUMIFS(Cash_Flow_3[Amount],Cash_Flow_3[Bulan],H368,Cash_Flow_3[Type],"Out",Cash_Flow_3[Category],"Zela") -> 0 | T368: =SUMIFS(Cash_Flow_3[Amount],Cash_Flow_3[Bulan],H368,Cash_Flow_3[Type],"Out",Cash_Flow_3[Category],"Iqbal") -> 0
H369: =IF(A369="","", DATE(YEAR(A369),MONTH(A369),1) ) | I369: =SUMIFS(Cash_Flow_3[Amount],Cash_Flow_3[Bulan],H369,Cash_Flow_3[Type],"In") -> 0 | J369: =SUMIFS(Cash_Flow_3[Amount],Cash_Flow_3[Bulan],H369,Cash_Flow_3[Type],"Out") -> 0 | K369: =SUMIFS(Cash_Flow_3[Amount],Cash_Flow_3[Bulan],H369,Cash_Flow_3[Type],"Out",Cash_Flow_3[Category],"Fix") -> 0 | L369: =SUMIFS(Cash_Flow_3[Amount],Cash_Flow_3[Bulan],H369,Cash_Flow_3[Type],"Out",Cash_Flow_3[Category],"Bathroom") -> 0 | M369: =SUMIFS(Cash_Flow_3[Amount],Cash_Flow_3[Bulan],H369,Cash_Flow_3[Type],"Out",Cash_Flow_3[Category],"Alfa") -> 0 | N369: =SUMIFS(Cash_Flow_3[Amount],Cash_Flow_3[Bulan],H369,Cash_Flow_3[Type],"Out",Cash_Flow_3[Category],"Jajan") -> 0 | O369: =SUMIFS(Cash_Flow_3[Amount],Cash_Flow_3[Bulan],H369,Cash_Flow_3[Type],"Out",Cash_Flow_3[Category],"Kitchen") -> 0 | P369: =SUMIFS(Cash_Flow_3[Amount],Cash_Flow_3[Bulan],H369,Cash_Flow_3[Type],"Out",Cash_Flow_3[Category],"Loandry") -> 0 | Q369: =SUMIFS(Cash_Flow_3[Amount],Cash_Flow_3[Bulan],H369,Cash_Flow_3[Type],"Out",Cash_Flow_3[Category],"Mio") -> 0 | R369: =SUMIFS(Cash_Flow_3[Amount],Cash_Flow_3[Bulan],H369,Cash_Flow_3[Type],"Out",Cash_Flow_3[Category],"Sedekah") -> 0 | S369: =SUMIFS(Cash_Flow_3[Amount],Cash_Flow_3[Bulan],H369,Cash_Flow_3[Type],"Out",Cash_Flow_3[Category],"Zela") -> 0 | T369: =SUMIFS(Cash_Flow_3[Amount],Cash_Flow_3[Bulan],H369,Cash_Flow_3[Type],"Out",Cash_Flow_3[Category],"Iqbal") -> 0
H370: =IF(A370="","", DATE(YEAR(A370),MONTH(A370),1) ) | I370: =SUMIFS(Cash_Flow_3[Amount],Cash_Flow_3[Bulan],H370,Cash_Flow_3[Type],"In") -> 0 | J370: =SUMIFS(Cash_Flow_3[Amount],Cash_Flow_3[Bulan],H370,Cash_Flow_3[Type],"Out") -> 0 | K370: =SUMIFS(Cash_Flow_3[Amount],Cash_Flow_3[Bulan],H370,Cash_Flow_3[Type],"Out",Cash_Flow_3[Category],"Fix") -> 0 | L370: =SUMIFS(Cash_Flow_3[Amount],Cash_Flow_3[Bulan],H370,Cash_Flow_3[Type],"Out",Cash_Flow_3[Category],"Bathroom") -> 0 | M370: =SUMIFS(Cash_Flow_3[Amount],Cash_Flow_3[Bulan],H370,Cash_Flow_3[Type],"Out",Cash_Flow_3[Category],"Alfa") -> 0 | N370: =SUMIFS(Cash_Flow_3[Amount],Cash_Flow_3[Bulan],H370,Cash_Flow_3[Type],"Out",Cash_Flow_3[Category],"Jajan") -> 0 | O370: =SUMIFS(Cash_Flow_3[Amount],Cash_Flow_3[Bulan],H370,Cash_Flow_3[Type],"Out",Cash_Flow_3[Category],"Kitchen") -> 0 | P370: =SUMIFS(Cash_Flow_3[Amount],Cash_Flow_3[Bulan],H370,Cash_Flow_3[Type],"Out",Cash_Flow_3[Category],"Loandry") -> 0 | Q370: =SUMIFS(Cash_Flow_3[Amount],Cash_Flow_3[Bulan],H370,Cash_Flow_3[Type],"Out",Cash_Flow_3[Category],"Mio") -> 0 | R370: =SUMIFS(Cash_Flow_3[Amount],Cash_Flow_3[Bulan],H370,Cash_Flow_3[Type],"Out",Cash_Flow_3[Category],"Sedekah") -> 0 | S370: =SUMIFS(Cash_Flow_3[Amount],Cash_Flow_3[Bulan],H370,Cash_Flow_3[Type],"Out",Cash_Flow_3[Category],"Zela") -> 0 | T370: =SUMIFS(Cash_Flow_3[Amount],Cash_Flow_3[Bulan],H370,Cash_Flow_3[Type],"Out",Cash_Flow_3[Category],"Iqbal") -> 0
H371: =IF(A371="","", DATE(YEAR(A371),MONTH(A371),1) ) | I371: =SUMIFS(Cash_Flow_3[Amount],Cash_Flow_3[Bulan],H371,Cash_Flow_3[Type],"In") -> 0 | J371: =SUMIFS(Cash_Flow_3[Amount],Cash_Flow_3[Bulan],H371,Cash_Flow_3[Type],"Out") -> 0 | K371: =SUMIFS(Cash_Flow_3[Amount],Cash_Flow_3[Bulan],H371,Cash_Flow_3[Type],"Out",Cash_Flow_3[Category],"Fix") -> 0 | L371: =SUMIFS(Cash_Flow_3[Amount],Cash_Flow_3[Bulan],H371,Cash_Flow_3[Type],"Out",Cash_Flow_3[Category],"Bathroom") -> 0 | M371: =SUMIFS(Cash_Flow_3[Amount],Cash_Flow_3[Bulan],H371,Cash_Flow_3[Type],"Out",Cash_Flow_3[Category],"Alfa") -> 0 | N371: =SUMIFS(Cash_Flow_3[Amount],Cash_Flow_3[Bulan],H371,Cash_Flow_3[Type],"Out",Cash_Flow_3[Category],"Jajan") -> 0 | O371: =SUMIFS(Cash_Flow_3[Amount],Cash_Flow_3[Bulan],H371,Cash_Flow_3[Type],"Out",Cash_Flow_3[Category],"Kitchen") -> 0 | P371: =SUMIFS(Cash_Flow_3[Amount],Cash_Flow_3[Bulan],H371,Cash_Flow_3[Type],"Out",Cash_Flow_3[Category],"Loandry") -> 0 | Q371: =SUMIFS(Cash_Flow_3[Amount],Cash_Flow_3[Bulan],H371,Cash_Flow_3[Type],"Out",Cash_Flow_3[Category],"Mio") -> 0 | R371: =SUMIFS(Cash_Flow_3[Amount],Cash_Flow_3[Bulan],H371,Cash_Flow_3[Type],"Out",Cash_Flow_3[Category],"Sedekah") -> 0 | S371: =SUMIFS(Cash_Flow_3[Amount],Cash_Flow_3[Bulan],H371,Cash_Flow_3[Type],"Out",Cash_Flow_3[Category],"Zela") -> 0 | T371: =SUMIFS(Cash_Flow_3[Amount],Cash_Flow_3[Bulan],H371,Cash_Flow_3[Type],"Out",Cash_Flow_3[Category],"Iqbal") -> 0
H372: =IF(A372="","", DATE(YEAR(A372),MONTH(A372),1) ) | I372: =SUMIFS(Cash_Flow_3[Amount],Cash_Flow_3[Bulan],H372,Cash_Flow_3[Type],"In") -> 0 | J372: =SUMIFS(Cash_Flow_3[Amount],Cash_Flow_3[Bulan],H372,Cash_Flow_3[Type],"Out") -> 0 | K372: =SUMIFS(Cash_Flow_3[Amount],Cash_Flow_3[Bulan],H372,Cash_Flow_3[Type],"Out",Cash_Flow_3[Category],"Fix") -> 0 | L372: =SUMIFS(Cash_Flow_3[Amount],Cash_Flow_3[Bulan],H372,Cash_Flow_3[Type],"Out",Cash_Flow_3[Category],"Bathroom") -> 0 | M372: =SUMIFS(Cash_Flow_3[Amount],Cash_Flow_3[Bulan],H372,Cash_Flow_3[Type],"Out",Cash_Flow_3[Category],"Alfa") -> 0 | N372: =SUMIFS(Cash_Flow_3[Amount],Cash_Flow_3[Bulan],H372,Cash_Flow_3[Type],"Out",Cash_Flow_3[Category],"Jajan") -> 0 | O372: =SUMIFS(Cash_Flow_3[Amount],Cash_Flow_3[Bulan],H372,Cash_Flow_3[Type],"Out",Cash_Flow_3[Category],"Kitchen") -> 0 | P372: =SUMIFS(Cash_Flow_3[Amount],Cash_Flow_3[Bulan],H372,Cash_Flow_3[Type],"Out",Cash_Flow_3[Category],"Loandry") -> 0 | Q372: =SUMIFS(Cash_Flow_3[Amount],Cash_Flow_3[Bulan],H372,Cash_Flow_3[Type],"Out",Cash_Flow_3[Category],"Mio") -> 0 | R372: =SUMIFS(Cash_Flow_3[Amount],Cash_Flow_3[Bulan],H372,Cash_Flow_3[Type],"Out",Cash_Flow_3[Category],"Sedekah") -> 0 | S372: =SUMIFS(Cash_Flow_3[Amount],Cash_Flow_3[Bulan],H372,Cash_Flow_3[Type],"Out",Cash_Flow_3[Category],"Zela") -> 0 | T372: =SUMIFS(Cash_Flow_3[Amount],Cash_Flow_3[Bulan],H372,Cash_Flow_3[Type],"Out",Cash_Flow_3[Category],"Iqbal") -> 0
H373: =IF(A373="","", DATE(YEAR(A373),MONTH(A373),1) ) | I373: =SUMIFS(Cash_Flow_3[Amount],Cash_Flow_3[Bulan],H373,Cash_Flow_3[Type],"In") -> 0 | J373: =SUMIFS(Cash_Flow_3[Amount],Cash_Flow_3[Bulan],H373,Cash_Flow_3[Type],"Out") -> 0 | K373: =SUMIFS(Cash_Flow_3[Amount],Cash_Flow_3[Bulan],H373,Cash_Flow_3[Type],"Out",Cash_Flow_3[Category],"Fix") -> 0 | L373: =SUMIFS(Cash_Flow_3[Amount],Cash_Flow_3[Bulan],H373,Cash_Flow_3[Type],"Out",Cash_Flow_3[Category],"Bathroom") -> 0 | M373: =SUMIFS(Cash_Flow_3[Amount],Cash_Flow_3[Bulan],H373,Cash_Flow_3[Type],"Out",Cash_Flow_3[Category],"Alfa") -> 0 | N373: =SUMIFS(Cash_Flow_3[Amount],Cash_Flow_3[Bulan],H373,Cash_Flow_3[Type],"Out",Cash_Flow_3[Category],"Jajan") -> 0 | O373: =SUMIFS(Cash_Flow_3[Amount],Cash_Flow_3[Bulan],H373,Cash_Flow_3[Type],"Out",Cash_Flow_3[Category],"Kitchen") -> 0 | P373: =SUMIFS(Cash_Flow_3[Amount],Cash_Flow_3[Bulan],H373,Cash_Flow_3[Type],"Out",Cash_Flow_3[Category],"Loandry") -> 0 | Q373: =SUMIFS(Cash_Flow_3[Amount],Cash_Flow_3[Bulan],H373,Cash_Flow_3[Type],"Out",Cash_Flow_3[Category],"Mio") -> 0 | R373: =SUMIFS(Cash_Flow_3[Amount],Cash_Flow_3[Bulan],H373,Cash_Flow_3[Type],"Out",Cash_Flow_3[Category],"Sedekah") -> 0 | S373: =SUMIFS(Cash_Flow_3[Amount],Cash_Flow_3[Bulan],H373,Cash_Flow_3[Type],"Out",Cash_Flow_3[Category],"Zela") -> 0 | T373: =SUMIFS(Cash_Flow_3[Amount],Cash_Flow_3[Bulan],H373,Cash_Flow_3[Type],"Out",Cash_Flow_3[Category],"Iqbal") -> 0
H374: =IF(A374="","", DATE(YEAR(A374),MONTH(A374),1) ) | I374: =SUMIFS(Cash_Flow_3[Amount],Cash_Flow_3[Bulan],H374,Cash_Flow_3[Type],"In") -> 0 | J374: =SUMIFS(Cash_Flow_3[Amount],Cash_Flow_3[Bulan],H374,Cash_Flow_3[Type],"Out") -> 0 | K374: =SUMIFS(Cash_Flow_3[Amount],Cash_Flow_3[Bulan],H374,Cash_Flow_3[Type],"Out",Cash_Flow_3[Category],"Fix") -> 0 | L374: =SUMIFS(Cash_Flow_3[Amount],Cash_Flow_3[Bulan],H374,Cash_Flow_3[Type],"Out",Cash_Flow_3[Category],"Bathroom") -> 0 | M374: =SUMIFS(Cash_Flow_3[Amount],Cash_Flow_3[Bulan],H374,Cash_Flow_3[Type],"Out",Cash_Flow_3[Category],"Alfa") -> 0 | N374: =SUMIFS(Cash_Flow_3[Amount],Cash_Flow_3[Bulan],H374,Cash_Flow_3[Type],"Out",Cash_Flow_3[Category],"Jajan") -> 0 | O374: =SUMIFS(Cash_Flow_3[Amount],Cash_Flow_3[Bulan],H374,Cash_Flow_3[Type],"Out",Cash_Flow_3[Category],"Kitchen") -> 0 | P374: =SUMIFS(Cash_Flow_3[Amount],Cash_Flow_3[Bulan],H374,Cash_Flow_3[Type],"Out",Cash_Flow_3[Category],"Loandry") -> 0 | Q374: =SUMIFS(Cash_Flow_3[Amount],Cash_Flow_3[Bulan],H374,Cash_Flow_3[Type],"Out",Cash_Flow_3[Category],"Mio") -> 0 | R374: =SUMIFS(Cash_Flow_3[Amount],Cash_Flow_3[Bulan],H374,Cash_Flow_3[Type],"Out",Cash_Flow_3[Category],"Sedekah") -> 0 | S374: =SUMIFS(Cash_Flow_3[Amount],Cash_Flow_3[Bulan],H374,Cash_Flow_3[Type],"Out",Cash_Flow_3[Category],"Zela") -> 0 | T374: =SUMIFS(Cash_Flow_3[Amount],Cash_Flow_3[Bulan],H374,Cash_Flow_3[Type],"Out",Cash_Flow_3[Category],"Iqbal") -> 0
H375: =IF(A375="","", DATE(YEAR(A375),MONTH(A375),1) ) | I375: =SUMIFS(Cash_Flow_3[Amount],Cash_Flow_3[Bulan],H375,Cash_Flow_3[Type],"In") -> 0 | J375: =SUMIFS(Cash_Flow_3[Amount],Cash_Flow_3[Bulan],H375,Cash_Flow_3[Type],"Out") -> 0 | K375: =SUMIFS(Cash_Flow_3[Amount],Cash_Flow_3[Bulan],H375,Cash_Flow_3[Type],"Out",Cash_Flow_3[Category],"Fix") -> 0 | L375: =SUMIFS(Cash_Flow_3[Amount],Cash_Flow_3[Bulan],H375,Cash_Flow_3[Type],"Out",Cash_Flow_3[Category],"Bathroom") -> 0 | M375: =SUMIFS(Cash_Flow_3[Amount],Cash_Flow_3[Bulan],H375,Cash_Flow_3[Type],"Out",Cash_Flow_3[Category],"Alfa") -> 0 | N375: =SUMIFS(Cash_Flow_3[Amount],Cash_Flow_3[Bulan],H375,Cash_Flow_3[Type],"Out",Cash_Flow_3[Category],"Jajan") -> 0 | O375: =SUMIFS(Cash_Flow_3[Amount],Cash_Flow_3[Bulan],H375,Cash_Flow_3[Type],"Out",Cash_Flow_3[Category],"Kitchen") -> 0 | P375: =SUMIFS(Cash_Flow_3[Amount],Cash_Flow_3[Bulan],H375,Cash_Flow_3[Type],"Out",Cash_Flow_3[Category],"Loandry") -> 0 | Q375: =SUMIFS(Cash_Flow_3[Amount],Cash_Flow_3[Bulan],H375,Cash_Flow_3[Type],"Out",Cash_Flow_3[Category],"Mio") -> 0 | R375: =SUMIFS(Cash_Flow_3[Amount],Cash_Flow_3[Bulan],H375,Cash_Flow_3[Type],"Out",Cash_Flow_3[Category],"Sedekah") -> 0 | S375: =SUMIFS(Cash_Flow_3[Amount],Cash_Flow_3[Bulan],H375,Cash_Flow_3[Type],"Out",Cash_Flow_3[Category],"Zela") -> 0 | T375: =SUMIFS(Cash_Flow_3[Amount],Cash_Flow_3[Bulan],H375,Cash_Flow_3[Type],"Out",Cash_Flow_3[Category],"Iqbal") -> 0
... H1357: =IF(A1357="","", DATE(YEAR(A1357),MONTH(A1357),1) ) | I1357: =SUMIFS(Cash_Flow_3[Amount],Cash_Flow_3[Bulan],H1357,Cash_Flow_3[Type],"In") -> 0 | J1357: =SUMIFS(Cash_Flow_3[Amount],Cash_Flow_3[Bulan],H1357,Cash_Flow_3[Type],"Out") -> 0 | K1357: =SUMIFS(Cash_Flow_3[Amount],Cash_Flow_3[Bulan],H1357,Cash_Flow_3[Type],"Out",Cash_Flow_3[Category],"Fix") -> 0 | L1357: =SUMIFS(Cash_Flow_3[Amount],Cash_Flow_3[Bulan],H1357,Cash_Flow_3[Type],"Out",Cash_Flow_3[Category],"Bathroom") -> 0 | M1357: =SUMIFS(Cash_Flow_3[Amount],Cash_Flow_3[Bulan],H1357,Cash_Flow_3[Type],"Out",Cash_Flow_3[Category],"Alfa") -> 0 | N1357: =SUMIFS(Cash_Flow_3[Amount],Cash_Flow_3[Bulan],H1357,Cash_Flow_3[Type],"Out",Cash_Flow_3[Category],"Jajan") -> 0 | O1357: =SUMIFS(Cash_Flow_3[Amount],Cash_Flow_3[Bulan],H1357,Cash_Flow_3[Type],"Out",Cash_Flow_3[Category],"Kitchen") -> 0 | P1357: =SUMIFS(Cash_Flow_3[Amount],Cash_Flow_3[Bulan],H1357,Cash_Flow_3[Type],"Out",Cash_Flow_3[Category],"Loandry") -> 0 | Q1357: =SUMIFS(Cash_Flow_3[Amount],Cash_Flow_3[Bulan],H1357,Cash_Flow_3[Type],"Out",Cash_Flow_3[Category],"Mio") -> 0 | R1357: =SUMIFS(Cash_Flow_3[Amount],Cash_Flow_3[Bulan],H1357,Cash_Flow_3[Type],"Out",Cash_Flow_3[Category],"Sedekah") -> 0 | S1357: =SUMIFS(Cash_Flow_3[Amount],Cash_Flow_3[Bulan],H1357,Cash_Flow_3[Type],"Out",Cash_Flow_3[Category],"Zela") -> 0 | T1357: =SUMIFS(Cash_Flow_3[Amount],Cash_Flow_3[Bulan],H1357,Cash_Flow_3[Type],"Out",Cash_Flow_3[Category],"Iqbal") -> 0

Sheet CHART_1

Sheet Detail
F1: Fix | G1: Alfa | H1: Jajan | I1: Kitchen | J1: Bathroom | K1: Loandry | L1: Mio | M1: Zela | N1: Iqbal | O1: Move | P1: Sedekah
F2: Iqbal (Shopee) | G2: Popok | I2: Pasar | J2: Pepsodent | K2: Rinso | L2: Bensin | M2: Pembalut | N2: Rokok
F3: Kulkas (Shopee) | G3: Lainnya | I3: Sendok | J3: Lainnya | K3: Lainnya | L3: Lainnya | M3: Bedak | N3: Potong Rambut
F4: Bracket TV (Shopee) | I4: Sunlight | M4: Lainnya
F5: Antena TV (Shopee) | I5: Lainnya
F6: Sewa Rumah
F7: Iuran Komplek
B8: Saldo Awal Iqbal | C8: 15590 | F8: Listrik
B9: Pinjam uang Adi | C9: 300000 | F9: Paket Internet
B10: Gaji Januari 2026 | C10: 4353235
B11: Aulia | C11: 300000
B12: Saldo Awal Zela | C12: 27737
B13: Tiktok | C13: 11566
B14: Dikssi Nenek Prawang (Alfa) | C14: 15000
B15: Total IN | C15: =SUM(C8:C14) -> 5023128 | D15: Total IN | E15: =C15 -> 5023128
B16: IN (Iqbal) + IN (Zela) | C16: =Ibal!B1+Zela!B1 -> -16487496 | D16: TEST | E16: =OUT_1!B1 -> 11528011
B17: Selisih | C17: =C16-C15 -> -21510624 | D17: Selisih | E17: =E16-E15 -> 6504883

Sheet OUT
A1: =IFERROR(__xludf.DUMMYFUNCTION("QUERY(VSTACK(HSTACK(Ibal!A4:F1002, MAP(Ibal!A4:A1002, LAMBDA(x, IF(x=""Date"", ""User"", ""Ibal"")))), HSTACK(Zela!A5:F979, MAP(Zela!A5:A979, LAMBDA(x, ""Zela"")))), ""SELECT * WHERE Col1 IS NOT NULL"")"),"Date") -> Date | B1: =IFERROR(__xludf.DUMMYFUNCTION("""COMPUTED_VALUE"""),"Description") -> Description | C1: =IFERROR(__xludf.DUMMYFUNCTION("""COMPUTED_VALUE"""),"ATM/Cash") -> ATM/Cash | D1: =IFERROR(__xludf.DUMMYFUNCTION("""COMPUTED_VALUE"""),"Type") -> Type | E1: =IFERROR(__xludf.DUMMYFUNCTION("""COMPUTED_VALUE"""),"Category") -> Category | F1: =IFERROR(__xludf.DUMMYFUNCTION("""COMPUTED_VALUE"""),"Amount") -> Amount | G1: =IFERROR(__xludf.DUMMYFUNCTION("""COMPUTED_VALUE"""),"User") -> User | H1: Bulan | I1: In | J1: Out | K1: Fix | L1: Bathroom | M1: Alfa | N1: Jajan | O1: Kitchen | P1: Loandry | Q1: Mio | R1: Sedekah | S1: Zela | T1: Iqbal
A2: =IFERROR(__xludf.DUMMYFUNCTION("""COMPUTED_VALUE"""),46050) -> 46050 | B2: =IFERROR(__xludf.DUMMYFUNCTION("""COMPUTED_VALUE"""),"Saldo Awal") -> Saldo Awal | C2: =IFERROR(__xludf.DUMMYFUNCTION("""COMPUTED_VALUE"""),"ATM") -> ATM | D2: =IFERROR(__xludf.DUMMYFUNCTION("""COMPUTED_VALUE"""),"In") -> In | E2: =IFERROR(__xludf.DUMMYFUNCTION("""COMPUTED_VALUE"""),"Fix") -> Fix | F2: =IFERROR(__xludf.DUMMYFUNCTION("""COMPUTED_VALUE"""),15590) -> 15590 | G2: =IFERROR(__xludf.DUMMYFUNCTION("""COMPUTED_VALUE"""),"Ibal") -> Ibal | H2: =IF(A2="","", DATE(YEAR(A2),MONTH(A2),1) ) -> 46023 | I2: =SUMIFS(OUT!$F$2:$F$11000,OUT!$H$2:$H$11000,H2,OUT!$D$2:$D$101007,"In") -> #VALUE! | J2: =SUMIFS(OUT!$F$2:$F$11000,OUT!$H$2:$H$11000,H2,OUT!$D$2:$D$11000,"Out") -> 475850 | K2: =SUMIFS(OUT!$F$2:$F$11000,OUT!$H$2:$H$11000,H2,OUT!$D$2:$D$11000,"Out",OUT!$E$2:$E$11000,"Fix") -> 114450 | L2: =SUMIFS(OUT!$F$2:$F$11000,OUT!$H$2:$H$11000,H2,OUT!$D$2:$D$11000,"Out",OUT!$E$2:$E$11000,"Bathroom") -> 0 | M2: =SUMIFS(OUT!$F$2:$F$11000,OUT!$H$2:$H$11000,H2,OUT!$D$2:$D$11000,"Out",OUT!$E$2:$E$11000,"Alfa") -> 36400 | N2: =SUMIFS(OUT!$F$2:$F$11000,OUT!$H$2:$H$101007,H2,OUT!$D$2:$D$11000,"Out",OUT!$E$2:$E$11000,"Jajan") -> #VALUE! | O2: =SUMIFS(OUT!$F$2:$F$11000,OUT!$H$2:$H$11000,H2,OUT!$D$2:$D$11000,"Out",OUT!$E$2:$E$11000,"Kitchen") -> 87000 | P2: =SUMIFS(OUT!$F$2:$F$11000,OUT!$H$2:$H$11000,H2,OUT!$D$2:$D$11000,"Out",OUT!$E$2:$E$11000,"Loandry") -> 0 | Q2: =SUMIFS(OUT!$F$2:$F$11000,OUT!$H$2:$H$11000,H2,OUT!$D$2:$D$11000,"Out",OUT!$E$2:$E$11000,"Mio") -> 0 | R2: =SUMIFS(OUT!$F$2:$F$11000,OUT!$H$2:$H$11000,H2,OUT!$D$2:$D$11000,"Out",OUT!$E$2:$E$11000,"Sedekah") -> 0 | S2: =SUMIFS(OUT!$F$2:$F$11000,OUT!$H$2:$H$11000,H2,OUT!$D$2:$D$11000,"Out",OUT!$E$2:$E$11000,"Zela") -> 0 | T2: =SUMIFS(OUT!$F$2:$F$11000,OUT!$H$2:$H$11000,H2,OUT!$D$2:$D$11000,"Out",OUT!$E$2:$E$11000,"Iqbal") -> 0
A3: =IFERROR(__xludf.DUMMYFUNCTION("""COMPUTED_VALUE"""),46051) -> 46051 | B3: =IFERROR(__xludf.DUMMYFUNCTION("""COMPUTED_VALUE"""),"Pinjam uang Adi") -> Pinjam uang Adi | C3: =IFERROR(__xludf.DUMMYFUNCTION("""COMPUTED_VALUE"""),"ATM") -> ATM | D3: =IFERROR(__xludf.DUMMYFUNCTION("""COMPUTED_VALUE"""),"In") -> In | E3: =IFERROR(__xludf.DUMMYFUNCTION("""COMPUTED_VALUE"""),"Fix") -> Fix | F3: =IFERROR(__xludf.DUMMYFUNCTION("""COMPUTED_VALUE"""),300000) -> 300000 | G3: =IFERROR(__xludf.DUMMYFUNCTION("""COMPUTED_VALUE"""),"Ibal") -> Ibal | H3: =IF(A3="","", DATE(YEAR(A3),MONTH(A3),1) ) -> 46023 | I3: =SUMIFS(OUT!$F$2:$F$11000,OUT!$H$2:$H$11000,H3,OUT!$D$2:$D$101007,"In") -> #VALUE! | J3: =SUMIFS(OUT!$F$2:$F$11000,OUT!$H$2:$H$11000,H3,OUT!$D$2:$D$11000,"Out") -> 475850 | K3: =SUMIFS(OUT!$F$2:$F$11000,OUT!$H$2:$H$11000,H3,OUT!$D$2:$D$11000,"Out",OUT!$E$2:$E$11000,"Fix") -> 114450 | L3: =SUMIFS(OUT!$F$2:$F$11000,OUT!$H$2:$H$11000,H3,OUT!$D$2:$D$11000,"Out",OUT!$E$2:$E$11000,"Bathroom") -> 0 | M3: =SUMIFS(OUT!$F$2:$F$11000,OUT!$H$2:$H$11000,H3,OUT!$D$2:$D$11000,"Out",OUT!$E$2:$E$11000,"Alfa") -> 36400 | N3: =SUMIFS(OUT!$F$2:$F$11000,OUT!$H$2:$H$101007,H3,OUT!$D$2:$D$11000,"Out",OUT!$E$2:$E$11000,"Jajan") -> #VALUE! | O3: =SUMIFS(OUT!$F$2:$F$11000,OUT!$H$2:$H$11000,H3,OUT!$D$2:$D$11000,"Out",OUT!$E$2:$E$11000,"Kitchen") -> 87000 | P3: =SUMIFS(OUT!$F$2:$F$11000,OUT!$H$2:$H$11000,H3,OUT!$D$2:$D$11000,"Out",OUT!$E$2:$E$11000,"Loandry") -> 0 | Q3: =SUMIFS(OUT!$F$2:$F$11000,OUT!$H$2:$H$11000,H3,OUT!$D$2:$D$11000,"Out",OUT!$E$2:$E$11000,"Mio") -> 0 | R3: =SUMIFS(OUT!$F$2:$F$11000,OUT!$H$2:$H$11000,H3,OUT!$D$2:$D$11000,"Out",OUT!$E$2:$E$11000,"Sedekah") -> 0 | S3: =SUMIFS(OUT!$F$2:$F$11000,OUT!$H$2:$H$11000,H3,OUT!$D$2:$D$11000,"Out",OUT!$E$2:$E$11000,"Zela") -> 0 | T3: =SUMIFS(OUT!$F$2:$F$11000,OUT!$H$2:$H$11000,H3,OUT!$D$2:$D$11000,"Out",OUT!$E$2:$E$11000,"Iqbal") -> 0
A4: =IFERROR(__xludf.DUMMYFUNCTION("""COMPUTED_VALUE"""),46051) -> 46051 | B4: =IFERROR(__xludf.DUMMYFUNCTION("""COMPUTED_VALUE"""),"Istriku") -> Istriku | C4: =IFERROR(__xludf.DUMMYFUNCTION("""COMPUTED_VALUE"""),"ATM") -> ATM | D4: =IFERROR(__xludf.DUMMYFUNCTION("""COMPUTED_VALUE"""),"Out") -> Out | E4: =IFERROR(__xludf.DUMMYFUNCTION("""COMPUTED_VALUE"""),"Move") -> Move | F4: =IFERROR(__xludf.DUMMYFUNCTION("""COMPUTED_VALUE"""),150000) -> 150000 | G4: =IFERROR(__xludf.DUMMYFUNCTION("""COMPUTED_VALUE"""),"Ibal") -> Ibal | H4: =IF(A4="","", DATE(YEAR(A4),MONTH(A4),1) ) -> 46023 | I4: =SUMIFS(OUT!$F$2:$F$11000,OUT!$H$2:$H$11000,H4,OUT!$D$2:$D$101007,"In") -> #VALUE! | J4: =SUMIFS(OUT!$F$2:$F$11000,OUT!$H$2:$H$11000,H4,OUT!$D$2:$D$11000,"Out") -> 475850 | K4: =SUMIFS(OUT!$F$2:$F$11000,OUT!$H$2:$H$11000,H4,OUT!$D$2:$D$11000,"Out",OUT!$E$2:$E$11000,"Fix") -> 114450 | L4: =SUMIFS(OUT!$F$2:$F$11000,OUT!$H$2:$H$11000,H4,OUT!$D$2:$D$11000,"Out",OUT!$E$2:$E$11000,"Bathroom") -> 0 | M4: =SUMIFS(OUT!$F$2:$F$11000,OUT!$H$2:$H$11000,H4,OUT!$D$2:$D$11000,"Out",OUT!$E$2:$E$11000,"Alfa") -> 36400 | N4: =SUMIFS(OUT!$F$2:$F$11000,OUT!$H$2:$H$101007,H4,OUT!$D$2:$D$11000,"Out",OUT!$E$2:$E$11000,"Jajan") -> #VALUE! | O4: =SUMIFS(OUT!$F$2:$F$11000,OUT!$H$2:$H$11000,H4,OUT!$D$2:$D$11000,"Out",OUT!$E$2:$E$11000,"Kitchen") -> 87000 | P4: =SUMIFS(OUT!$F$2:$F$11000,OUT!$H$2:$H$11000,H4,OUT!$D$2:$D$11000,"Out",OUT!$E$2:$E$11000,"Loandry") -> 0 | Q4: =SUMIFS(OUT!$F$2:$F$11000,OUT!$H$2:$H$11000,H4,OUT!$D$2:$D$11000,"Out",OUT!$E$2:$E$11000,"Mio") -> 0 | R4: =SUMIFS(OUT!$F$2:$F$11000,OUT!$H$2:$H$11000,H4,OUT!$D$2:$D$11000,"Out",OUT!$E$2:$E$11000,"Sedekah") -> 0 | S4: =SUMIFS(OUT!$F$2:$F$11000,OUT!$H$2:$H$11000,H4,OUT!$D$2:$D$11000,"Out",OUT!$E$2:$E$11000,"Zela") -> 0 | T4: =SUMIFS(OUT!$F$2:$F$11000,OUT!$H$2:$H$11000,H4,OUT!$D$2:$D$11000,"Out",OUT!$E$2:$E$11000,"Iqbal") -> 0
A5: =IFERROR(__xludf.DUMMYFUNCTION("""COMPUTED_VALUE"""),46051) -> 46051 | B5: =IFERROR(__xludf.DUMMYFUNCTION("""COMPUTED_VALUE"""),"Token listrik 100k (65,30 kwh)") -> Token listrik 100k (65,30 kwh) | C5: =IFERROR(__xludf.DUMMYFUNCTION("""COMPUTED_VALUE"""),"ATM") -> ATM | D5: =IFERROR(__xludf.DUMMYFUNCTION("""COMPUTED_VALUE"""),"Out") -> Out | E5: =IFERROR(__xludf.DUMMYFUNCTION("""COMPUTED_VALUE"""),"Fix") -> Fix | F5: =IFERROR(__xludf.DUMMYFUNCTION("""COMPUTED_VALUE"""),99450) -> 99450 | G5: =IFERROR(__xludf.DUMMYFUNCTION("""COMPUTED_VALUE"""),"Ibal") -> Ibal | H5: =IF(A5="","", DATE(YEAR(A5),MONTH(A5),1) ) -> 46023 | I5: =SUMIFS(OUT!$F$2:$F$11000,OUT!$H$2:$H$11000,H5,OUT!$D$2:$D$101007,"In") -> #VALUE! | J5: =SUMIFS(OUT!$F$2:$F$11000,OUT!$H$2:$H$11000,H5,OUT!$D$2:$D$11000,"Out") -> 475850 | K5: =SUMIFS(OUT!$F$2:$F$11000,OUT!$H$2:$H$11000,H5,OUT!$D$2:$D$11000,"Out",OUT!$E$2:$E$11000,"Fix") -> 114450 | L5: =SUMIFS(OUT!$F$2:$F$11000,OUT!$H$2:$H$11000,H5,OUT!$D$2:$D$11000,"Out",OUT!$E$2:$E$11000,"Bathroom") -> 0 | M5: =SUMIFS(OUT!$F$2:$F$11000,OUT!$H$2:$H$11000,H5,OUT!$D$2:$D$11000,"Out",OUT!$E$2:$E$11000,"Alfa") -> 36400 | N5: =SUMIFS(OUT!$F$2:$F$11000,OUT!$H$2:$H$101007,H5,OUT!$D$2:$D$11000,"Out",OUT!$E$2:$E$11000,"Jajan") -> #VALUE! | O5: =SUMIFS(OUT!$F$2:$F$11000,OUT!$H$2:$H$11000,H5,OUT!$D$2:$D$11000,"Out",OUT!$E$2:$E$11000,"Kitchen") -> 87000 | P5: =SUMIFS(OUT!$F$2:$F$11000,OUT!$H$2:$H$11000,H5,OUT!$D$2:$D$11000,"Out",OUT!$E$2:$E$11000,"Loandry") -> 0 | Q5: =SUMIFS(OUT!$F$2:$F$11000,OUT!$H$2:$H$11000,H5,OUT!$D$2:$D$11000,"Out",OUT!$E$2:$E$11000,"Mio") -> 0 | R5: =SUMIFS(OUT!$F$2:$F$11000,OUT!$H$2:$H$11000,H5,OUT!$D$2:$D$11000,"Out",OUT!$E$2:$E$11000,"Sedekah") -> 0 | S5: =SUMIFS(OUT!$F$2:$F$11000,OUT!$H$2:$H$11000,H5,OUT!$D$2:$D$11000,"Out",OUT!$E$2:$E$11000,"Zela") -> 0 | T5: =SUMIFS(OUT!$F$2:$F$11000,OUT!$H$2:$H$11000,H5,OUT!$D$2:$D$11000,"Out",OUT!$E$2:$E$11000,"Iqbal") -> 0
A6: =IFERROR(__xludf.DUMMYFUNCTION("""COMPUTED_VALUE"""),46052) -> 46052 | B6: =IFERROR(__xludf.DUMMYFUNCTION("""COMPUTED_VALUE"""),"Istriku") -> Istriku | C6: =IFERROR(__xludf.DUMMYFUNCTION("""COMPUTED_VALUE"""),"ATM") -> ATM | D6: =IFERROR(__xludf.DUMMYFUNCTION("""COMPUTED_VALUE"""),"Out") -> Out | E6: =IFERROR(__xludf.DUMMYFUNCTION("""COMPUTED_VALUE"""),"Move") -> Move | F6: =IFERROR(__xludf.DUMMYFUNCTION("""COMPUTED_VALUE"""),50000) -> 50000 | G6: =IFERROR(__xludf.DUMMYFUNCTION("""COMPUTED_VALUE"""),"Ibal") -> Ibal | H6: =IF(A6="","", DATE(YEAR(A6),MONTH(A6),1) ) -> 46023 | I6: =SUMIFS(OUT!$F$2:$F$11000,OUT!$H$2:$H$11000,H6,OUT!$D$2:$D$101007,"In") -> #VALUE! | J6: =SUMIFS(OUT!$F$2:$F$11000,OUT!$H$2:$H$11000,H6,OUT!$D$2:$D$11000,"Out") -> 475850 | K6: =SUMIFS(OUT!$F$2:$F$11000,OUT!$H$2:$H$11000,H6,OUT!$D$2:$D$11000,"Out",OUT!$E$2:$E$11000,"Fix") -> 114450 | L6: =SUMIFS(OUT!$F$2:$F$11000,OUT!$H$2:$H$11000,H6,OUT!$D$2:$D$11000,"Out",OUT!$E$2:$E$11000,"Bathroom") -> 0 | M6: =SUMIFS(OUT!$F$2:$F$11000,OUT!$H$2:$H$11000,H6,OUT!$D$2:$D$11000,"Out",OUT!$E$2:$E$11000,"Alfa") -> 36400 | N6: =SUMIFS(OUT!$F$2:$F$11000,OUT!$H$2:$H$101007,H6,OUT!$D$2:$D$11000,"Out",OUT!$E$2:$E$11000,"Jajan") -> #VALUE! | O6: =SUMIFS(OUT!$F$2:$F$11000,OUT!$H$2:$H$11000,H6,OUT!$D$2:$D$11000,"Out",OUT!$E$2:$E$11000,"Kitchen") -> 87000 | P6: =SUMIFS(OUT!$F$2:$F$11000,OUT!$H$2:$H$11000,H6,OUT!$D$2:$D$11000,"Out",OUT!$E$2:$E$11000,"Loandry") -> 0 | Q6: =SUMIFS(OUT!$F$2:$F$11000,OUT!$H$2:$H$11000,H6,OUT!$D$2:$D$11000,"Out",OUT!$E$2:$E$11000,"Mio") -> 0 | R6: =SUMIFS(OUT!$F$2:$F$11000,OUT!$H$2:$H$11000,H6,OUT!$D$2:$D$11000,"Out",OUT!$E$2:$E$11000,"Sedekah") -> 0 | S6: =SUMIFS(OUT!$F$2:$F$11000,OUT!$H$2:$H$11000,H6,OUT!$D$2:$D$11000,"Out",OUT!$E$2:$E$11000,"Zela") -> 0 | T6: =SUMIFS(OUT!$F$2:$F$11000,OUT!$H$2:$H$11000,H6,OUT!$D$2:$D$11000,"Out",OUT!$E$2:$E$11000,"Iqbal") -> 0
A7: =IFERROR(__xludf.DUMMYFUNCTION("""COMPUTED_VALUE"""),46055) -> 46055 | B7: =IFERROR(__xludf.DUMMYFUNCTION("""COMPUTED_VALUE"""),"Gaji Januari 2026") -> Gaji Januari 2026 | C7: =IFERROR(__xludf.DUMMYFUNCTION("""COMPUTED_VALUE"""),"ATM") -> ATM | D7: =IFERROR(__xludf.DUMMYFUNCTION("""COMPUTED_VALUE"""),"In") -> In | E7: =IFERROR(__xludf.DUMMYFUNCTION("""COMPUTED_VALUE"""),"Fix") -> Fix | F7: =IFERROR(__xludf.DUMMYFUNCTION("""COMPUTED_VALUE"""),4353235) -> 4353235 | G7: =IFERROR(__xludf.DUMMYFUNCTION("""COMPUTED_VALUE"""),"Ibal") -> Ibal | H7: =IF(A7="","", DATE(YEAR(A7),MONTH(A7),1) ) -> 46054 | I7: =SUMIFS(OUT!$F$2:$F$11000,OUT!$H$2:$H$11000,H7,OUT!$D$2:$D$101007,"In") -> #VALUE! | J7: =SUMIFS(OUT!$F$2:$F$11000,OUT!$H$2:$H$11000,H7,OUT!$D$2:$D$11000,"Out") -> 6908733 | K7: =SUMIFS(OUT!$F$2:$F$11000,OUT!$H$2:$H$11000,H7,OUT!$D$2:$D$11000,"Out",OUT!$E$2:$E$11000,"Fix") -> 2440568 | L7: =SUMIFS(OUT!$F$2:$F$11000,OUT!$H$2:$H$11000,H7,OUT!$D$2:$D$11000,"Out",OUT!$E$2:$E$11000,"Bathroom") -> 34500 | M7: =SUMIFS(OUT!$F$2:$F$11000,OUT!$H$2:$H$11000,H7,OUT!$D$2:$D$11000,"Out",OUT!$E$2:$E$11000,"Alfa") -> 293800 | N7: =SUMIFS(OUT!$F$2:$F$11000,OUT!$H$2:$H$101007,H7,OUT!$D$2:$D$11000,"Out",OUT!$E$2:$E$11000,"Jajan") -> #VALUE! | O7: =SUMIFS(OUT!$F$2:$F$11000,OUT!$H$2:$H$11000,H7,OUT!$D$2:$D$11000,"Out",OUT!$E$2:$E$11000,"Kitchen") -> 992724 | P7: =SUMIFS(OUT!$F$2:$F$11000,OUT!$H$2:$H$11000,H7,OUT!$D$2:$D$11000,"Out",OUT!$E$2:$E$11000,"Loandry") -> 41600 | Q7: =SUMIFS(OUT!$F$2:$F$11000,OUT!$H$2:$H$11000,H7,OUT!$D$2:$D$11000,"Out",OUT!$E$2:$E$11000,"Mio") -> 249000 | R7: =SUMIFS(OUT!$F$2:$F$11000,OUT!$H$2:$H$11000,H7,OUT!$D$2:$D$11000,"Out",OUT!$E$2:$E$11000,"Sedekah") -> 129000 | S7: =SUMIFS(OUT!$F$2:$F$11000,OUT!$H$2:$H$11000,H7,OUT!$D$2:$D$11000,"Out",OUT!$E$2:$E$11000,"Zela") -> 24100 | T7: =SUMIFS(OUT!$F$2:$F$11000,OUT!$H$2:$H$11000,H7,OUT!$D$2:$D$11000,"Out",OUT!$E$2:$E$11000,"Iqbal") -> 121000
A8: =IFERROR(__xludf.DUMMYFUNCTION("""COMPUTED_VALUE"""),46055) -> 46055 | B8: =IFERROR(__xludf.DUMMYFUNCTION("""COMPUTED_VALUE"""),"Byu 10GB") -> Byu 10GB | C8: =IFERROR(__xludf.DUMMYFUNCTION("""COMPUTED_VALUE"""),"ATM") -> ATM | D8: =IFERROR(__xludf.DUMMYFUNCTION("""COMPUTED_VALUE"""),"Out") -> Out | E8: =IFERROR(__xludf.DUMMYFUNCTION("""COMPUTED_VALUE"""),"Fix") -> Fix | F8: =IFERROR(__xludf.DUMMYFUNCTION("""COMPUTED_VALUE"""),25000) -> 25000 | G8: =IFERROR(__xludf.DUMMYFUNCTION("""COMPUTED_VALUE"""),"Ibal") -> Ibal | H8: =IF(A8="","", DATE(YEAR(A8),MONTH(A8),1) ) -> 46054 | I8: =SUMIFS(OUT!$F$2:$F$11000,OUT!$H$2:$H$11000,H8,OUT!$D$2:$D$101007,"In") -> #VALUE! | J8: =SUMIFS(OUT!$F$2:$F$11000,OUT!$H$2:$H$11000,H8,OUT!$D$2:$D$11000,"Out") -> 6908733 | K8: =SUMIFS(OUT!$F$2:$F$11000,OUT!$H$2:$H$11000,H8,OUT!$D$2:$D$11000,"Out",OUT!$E$2:$E$11000,"Fix") -> 2440568 | L8: =SUMIFS(OUT!$F$2:$F$11000,OUT!$H$2:$H$11000,H8,OUT!$D$2:$D$11000,"Out",OUT!$E$2:$E$11000,"Bathroom") -> 34500 | M8: =SUMIFS(OUT!$F$2:$F$11000,OUT!$H$2:$H$11000,H8,OUT!$D$2:$D$11000,"Out",OUT!$E$2:$E$11000,"Alfa") -> 293800 | N8: =SUMIFS(OUT!$F$2:$F$11000,OUT!$H$2:$H$101007,H8,OUT!$D$2:$D$11000,"Out",OUT!$E$2:$E$11000,"Jajan") -> #VALUE! | O8: =SUMIFS(OUT!$F$2:$F$11000,OUT!$H$2:$H$11000,H8,OUT!$D$2:$D$11000,"Out",OUT!$E$2:$E$11000,"Kitchen") -> 992724 | P8: =SUMIFS(OUT!$F$2:$F$11000,OUT!$H$2:$H$11000,H8,OUT!$D$2:$D$11000,"Out",OUT!$E$2:$E$11000,"Loandry") -> 41600 | Q8: =SUMIFS(OUT!$F$2:$F$11000,OUT!$H$2:$H$11000,H8,OUT!$D$2:$D$11000,"Out",OUT!$E$2:$E$11000,"Mio") -> 249000 | R8: =SUMIFS(OUT!$F$2:$F$11000,OUT!$H$2:$H$11000,H8,OUT!$D$2:$D$11000,"Out",OUT!$E$2:$E$11000,"Sedekah") -> 129000 | S8: =SUMIFS(OUT!$F$2:$F$11000,OUT!$H$2:$H$11000,H8,OUT!$D$2:$D$11000,"Out",OUT!$E$2:$E$11000,"Zela") -> 24100 | T8: =SUMIFS(OUT!$F$2:$F$11000,OUT!$H$2:$H$11000,H8,OUT!$D$2:$D$11000,"Out",OUT!$E$2:$E$11000,"Iqbal") -> 121000
A9: =IFERROR(__xludf.DUMMYFUNCTION("""COMPUTED_VALUE"""),46055) -> 46055 | B9: =IFERROR(__xludf.DUMMYFUNCTION("""COMPUTED_VALUE"""),"Istriku") -> Istriku | C9: =IFERROR(__xludf.DUMMYFUNCTION("""COMPUTED_VALUE"""),"ATM") -> ATM | D9: =IFERROR(__xludf.DUMMYFUNCTION("""COMPUTED_VALUE"""),"Out") -> Out | E9: =IFERROR(__xludf.DUMMYFUNCTION("""COMPUTED_VALUE"""),"Move") -> Move | F9: =IFERROR(__xludf.DUMMYFUNCTION("""COMPUTED_VALUE"""),1774441) -> 1774441 | G9: =IFERROR(__xludf.DUMMYFUNCTION("""COMPUTED_VALUE"""),"Ibal") -> Ibal | H9: =IF(A9="","", DATE(YEAR(A9),MONTH(A9),1) ) -> 46054 | I9: =SUMIFS(OUT!$F$2:$F$11000,OUT!$H$2:$H$11000,H9,OUT!$D$2:$D$101007,"In") -> #VALUE! | J9: =SUMIFS(OUT!$F$2:$F$11000,OUT!$H$2:$H$11000,H9,OUT!$D$2:$D$11000,"Out") -> 6908733 | K9: =SUMIFS(OUT!$F$2:$F$11000,OUT!$H$2:$H$11000,H9,OUT!$D$2:$D$11000,"Out",OUT!$E$2:$E$11000,"Fix") -> 2440568 | L9: =SUMIFS(OUT!$F$2:$F$11000,OUT!$H$2:$H$11000,H9,OUT!$D$2:$D$11000,"Out",OUT!$E$2:$E$11000,"Bathroom") -> 34500 | M9: =SUMIFS(OUT!$F$2:$F$11000,OUT!$H$2:$H$11000,H9,OUT!$D$2:$D$11000,"Out",OUT!$E$2:$E$11000,"Alfa") -> 293800 | N9: =SUMIFS(OUT!$F$2:$F$11000,OUT!$H$2:$H$101007,H9,OUT!$D$2:$D$11000,"Out",OUT!$E$2:$E$11000,"Jajan") -> #VALUE! | O9: =SUMIFS(OUT!$F$2:$F$11000,OUT!$H$2:$H$11000,H9,OUT!$D$2:$D$11000,"Out",OUT!$E$2:$E$11000,"Kitchen") -> 992724 | P9: =SUMIFS(OUT!$F$2:$F$11000,OUT!$H$2:$H$11000,H9,OUT!$D$2:$D$11000,"Out",OUT!$E$2:$E$11000,"Loandry") -> 41600 | Q9: =SUMIFS(OUT!$F$2:$F$11000,OUT!$H$2:$H$11000,H9,OUT!$D$2:$D$11000,"Out",OUT!$E$2:$E$11000,"Mio") -> 249000 | R9: =SUMIFS(OUT!$F$2:$F$11000,OUT!$H$2:$H$11000,H9,OUT!$D$2:$D$11000,"Out",OUT!$E$2:$E$11000,"Sedekah") -> 129000 | S9: =SUMIFS(OUT!$F$2:$F$11000,OUT!$H$2:$H$11000,H9,OUT!$D$2:$D$11000,"Out",OUT!$E$2:$E$11000,"Zela") -> 24100 | T9: =SUMIFS(OUT!$F$2:$F$11000,OUT!$H$2:$H$11000,H9,OUT!$D$2:$D$11000,"Out",OUT!$E$2:$E$11000,"Iqbal") -> 121000
A10: =IFERROR(__xludf.DUMMYFUNCTION("""COMPUTED_VALUE"""),46055) -> 46055 | B10: =IFERROR(__xludf.DUMMYFUNCTION("""COMPUTED_VALUE"""),"Bayar uang Adi") -> Bayar uang Adi | C10: =IFERROR(__xludf.DUMMYFUNCTION("""COMPUTED_VALUE"""),"ATM") -> ATM | D10: =IFERROR(__xludf.DUMMYFUNCTION("""COMPUTED_VALUE"""),"Out") -> Out | E10: =IFERROR(__xludf.DUMMYFUNCTION("""COMPUTED_VALUE"""),"Fix") -> Fix | F10: =IFERROR(__xludf.DUMMYFUNCTION("""COMPUTED_VALUE"""),300000) -> 300000 | G10: =IFERROR(__xludf.DUMMYFUNCTION("""COMPUTED_VALUE"""),"Ibal") -> Ibal | H10: =IF(A10="","", DATE(YEAR(A10),MONTH(A10),1) ) -> 46054 | I10: =SUMIFS(OUT!$F$2:$F$11000,OUT!$H$2:$H$11000,H10,OUT!$D$2:$D$101007,"In") -> #VALUE! | J10: =SUMIFS(OUT!$F$2:$F$11000,OUT!$H$2:$H$11000,H10,OUT!$D$2:$D$11000,"Out") -> 6908733 | K10: =SUMIFS(OUT!$F$2:$F$11000,OUT!$H$2:$H$11000,H10,OUT!$D$2:$D$11000,"Out",OUT!$E$2:$E$11000,"Fix") -> 2440568 | L10: =SUMIFS(OUT!$F$2:$F$11000,OUT!$H$2:$H$11000,H10,OUT!$D$2:$D$11000,"Out",OUT!$E$2:$E$11000,"Bathroom") -> 34500 | M10: =SUMIFS(OUT!$F$2:$F$11000,OUT!$H$2:$H$11000,H10,OUT!$D$2:$D$11000,"Out",OUT!$E$2:$E$11000,"Alfa") -> 293800 | N10: =SUMIFS(OUT!$F$2:$F$11000,OUT!$H$2:$H$101007,H10,OUT!$D$2:$D$11000,"Out",OUT!$E$2:$E$11000,"Jajan") -> #VALUE! | O10: =SUMIFS(OUT!$F$2:$F$11000,OUT!$H$2:$H$11000,H10,OUT!$D$2:$D$11000,"Out",OUT!$E$2:$E$11000,"Kitchen") -> 992724 | P10: =SUMIFS(OUT!$F$2:$F$11000,OUT!$H$2:$H$11000,H10,OUT!$D$2:$D$11000,"Out",OUT!$E$2:$E$11000,"Loandry") -> 41600 | Q10: =SUMIFS(OUT!$F$2:$F$11000,OUT!$H$2:$H$11000,H10,OUT!$D$2:$D$11000,"Out",OUT!$E$2:$E$11000,"Mio") -> 249000 | R10: =SUMIFS(OUT!$F$2:$F$11000,OUT!$H$2:$H$11000,H10,OUT!$D$2:$D$11000,"Out",OUT!$E$2:$E$11000,"Sedekah") -> 129000 | S10: =SUMIFS(OUT!$F$2:$F$11000,OUT!$H$2:$H$11000,H10,OUT!$D$2:$D$11000,"Out",OUT!$E$2:$E$11000,"Zela") -> 24100 | T10: =SUMIFS(OUT!$F$2:$F$11000,OUT!$H$2:$H$11000,H10,OUT!$D$2:$D$11000,"Out",OUT!$E$2:$E$11000,"Iqbal") -> 121000
A11: =IFERROR(__xludf.DUMMYFUNCTION("""COMPUTED_VALUE"""),46055) -> 46055 | B11: =IFERROR(__xludf.DUMMYFUNCTION("""COMPUTED_VALUE"""),"Iqbal Shopee (5)") -> Iqbal Shopee (5) | C11: =IFERROR(__xludf.DUMMYFUNCTION("""COMPUTED_VALUE"""),"ATM") -> ATM | D11: =IFERROR(__xludf.DUMMYFUNCTION("""COMPUTED_VALUE"""),"Out") -> Out | E11: =IFERROR(__xludf.DUMMYFUNCTION("""COMPUTED_VALUE"""),"Fix") -> Fix | F11: =IFERROR(__xludf.DUMMYFUNCTION("""COMPUTED_VALUE"""),624137) -> 624137 | G11: =IFERROR(__xludf.DUMMYFUNCTION("""COMPUTED_VALUE"""),"Ibal") -> Ibal | H11: =IF(A11="","", DATE(YEAR(A11),MONTH(A11),1) ) -> 46054 | I11: =SUMIFS(OUT!$F$2:$F$11000,OUT!$H$2:$H$11000,H11,OUT!$D$2:$D$101007,"In") -> #VALUE! | J11: =SUMIFS(OUT!$F$2:$F$11000,OUT!$H$2:$H$11000,H11,OUT!$D$2:$D$11000,"Out") -> 6908733 | K11: =SUMIFS(OUT!$F$2:$F$11000,OUT!$H$2:$H$11000,H11,OUT!$D$2:$D$11000,"Out",OUT!$E$2:$E$11000,"Fix") -> 2440568 | L11: =SUMIFS(OUT!$F$2:$F$11000,OUT!$H$2:$H$11000,H11,OUT!$D$2:$D$11000,"Out",OUT!$E$2:$E$11000,"Bathroom") -> 34500 | M11: =SUMIFS(OUT!$F$2:$F$11000,OUT!$H$2:$H$11000,H11,OUT!$D$2:$D$11000,"Out",OUT!$E$2:$E$11000,"Alfa") -> 293800 | N11: =SUMIFS(OUT!$F$2:$F$11000,OUT!$H$2:$H$101007,H11,OUT!$D$2:$D$11000,"Out",OUT!$E$2:$E$11000,"Jajan") -> #VALUE! | O11: =SUMIFS(OUT!$F$2:$F$11000,OUT!$H$2:$H$11000,H11,OUT!$D$2:$D$11000,"Out",OUT!$E$2:$E$11000,"Kitchen") -> 992724 | P11: =SUMIFS(OUT!$F$2:$F$11000,OUT!$H$2:$H$11000,H11,OUT!$D$2:$D$11000,"Out",OUT!$E$2:$E$11000,"Loandry") -> 41600 | Q11: =SUMIFS(OUT!$F$2:$F$11000,OUT!$H$2:$H$11000,H11,OUT!$D$2:$D$11000,"Out",OUT!$E$2:$E$11000,"Mio") -> 249000 | R11: =SUMIFS(OUT!$F$2:$F$11000,OUT!$H$2:$H$11000,H11,OUT!$D$2:$D$11000,"Out",OUT!$E$2:$E$11000,"Sedekah") -> 129000 | S11: =SUMIFS(OUT!$F$2:$F$11000,OUT!$H$2:$H$11000,H11,OUT!$D$2:$D$11000,"Out",OUT!$E$2:$E$11000,"Zela") -> 24100 | T11: =SUMIFS(OUT!$F$2:$F$11000,OUT!$H$2:$H$11000,H11,OUT!$D$2:$D$11000,"Out",OUT!$E$2:$E$11000,"Iqbal") -> 121000
A12: =IFERROR(__xludf.DUMMYFUNCTION("""COMPUTED_VALUE"""),46055) -> 46055 | B12: =IFERROR(__xludf.DUMMYFUNCTION("""COMPUTED_VALUE"""),"Kulkas (2)") -> Kulkas (2) | C12: =IFERROR(__xludf.DUMMYFUNCTION("""COMPUTED_VALUE"""),"ATM") -> ATM | D12: =IFERROR(__xludf.DUMMYFUNCTION("""COMPUTED_VALUE"""),"Out") -> Out | E12: =IFERROR(__xludf.DUMMYFUNCTION("""COMPUTED_VALUE"""),"Fix") -> Fix | F12: =IFERROR(__xludf.DUMMYFUNCTION("""COMPUTED_VALUE"""),279187) -> 279187 | G12: =IFERROR(__xludf.DUMMYFUNCTION("""COMPUTED_VALUE"""),"Ibal") -> Ibal | H12: =IF(A12="","", DATE(YEAR(A12),MONTH(A12),1) ) -> 46054 | I12: =SUMIFS(OUT!$F$2:$F$11000,OUT!$H$2:$H$11000,H12,OUT!$D$2:$D$101007,"In") -> #VALUE! | J12: =SUMIFS(OUT!$F$2:$F$11000,OUT!$H$2:$H$11000,H12,OUT!$D$2:$D$11000,"Out") -> 6908733 | K12: =SUMIFS(OUT!$F$2:$F$11000,OUT!$H$2:$H$11000,H12,OUT!$D$2:$D$11000,"Out",OUT!$E$2:$E$11000,"Fix") -> 2440568 | L12: =SUMIFS(OUT!$F$2:$F$11000,OUT!$H$2:$H$11000,H12,OUT!$D$2:$D$11000,"Out",OUT!$E$2:$E$11000,"Bathroom") -> 34500 | M12: =SUMIFS(OUT!$F$2:$F$11000,OUT!$H$2:$H$11000,H12,OUT!$D$2:$D$11000,"Out",OUT!$E$2:$E$11000,"Alfa") -> 293800 | N12: =SUMIFS(OUT!$F$2:$F$11000,OUT!$H$2:$H$101007,H12,OUT!$D$2:$D$11000,"Out",OUT!$E$2:$E$11000,"Jajan") -> #VALUE! | O12: =SUMIFS(OUT!$F$2:$F$11000,OUT!$H$2:$H$11000,H12,OUT!$D$2:$D$11000,"Out",OUT!$E$2:$E$11000,"Kitchen") -> 992724 | P12: =SUMIFS(OUT!$F$2:$F$11000,OUT!$H$2:$H$11000,H12,OUT!$D$2:$D$11000,"Out",OUT!$E$2:$E$11000,"Loandry") -> 41600 | Q12: =SUMIFS(OUT!$F$2:$F$11000,OUT!$H$2:$H$11000,H12,OUT!$D$2:$D$11000,"Out",OUT!$E$2:$E$11000,"Mio") -> 249000 | R12: =SUMIFS(OUT!$F$2:$F$11000,OUT!$H$2:$H$11000,H12,OUT!$D$2:$D$11000,"Out",OUT!$E$2:$E$11000,"Sedekah") -> 129000 | S12: =SUMIFS(OUT!$F$2:$F$11000,OUT!$H$2:$H$11000,H12,OUT!$D$2:$D$11000,"Out",OUT!$E$2:$E$11000,"Zela") -> 24100 | T12: =SUMIFS(OUT!$F$2:$F$11000,OUT!$H$2:$H$11000,H12,OUT!$D$2:$D$11000,"Out",OUT!$E$2:$E$11000,"Iqbal") -> 121000
A13: =IFERROR(__xludf.DUMMYFUNCTION("""COMPUTED_VALUE"""),46056) -> 46056 | B13: =IFERROR(__xludf.DUMMYFUNCTION("""COMPUTED_VALUE"""),"Potong rambut") -> Potong rambut | C13: =IFERROR(__xludf.DUMMYFUNCTION("""COMPUTED_VALUE"""),"ATM") -> ATM | D13: =IFERROR(__xludf.DUMMYFUNCTION("""COMPUTED_VALUE"""),"Out") -> Out | E13: =IFERROR(__xludf.DUMMYFUNCTION("""COMPUTED_VALUE"""),"Iqbal") -> Iqbal | F13: =IFERROR(__xludf.DUMMYFUNCTION("""COMPUTED_VALUE"""),30000) -> 30000 | G13: =IFERROR(__xludf.DUMMYFUNCTION("""COMPUTED_VALUE"""),"Ibal") -> Ibal | H13: =IF(A13="","", DATE(YEAR(A13),MONTH(A13),1) ) -> 46054 | I13: =SUMIFS(OUT!$F$2:$F$11000,OUT!$H$2:$H$11000,H13,OUT!$D$2:$D$101007,"In") -> #VALUE! | J13: =SUMIFS(OUT!$F$2:$F$11000,OUT!$H$2:$H$11000,H13,OUT!$D$2:$D$11000,"Out") -> 6908733 | K13: =SUMIFS(OUT!$F$2:$F$11000,OUT!$H$2:$H$11000,H13,OUT!$D$2:$D$11000,"Out",OUT!$E$2:$E$11000,"Fix") -> 2440568 | L13: =SUMIFS(OUT!$F$2:$F$11000,OUT!$H$2:$H$11000,H13,OUT!$D$2:$D$11000,"Out",OUT!$E$2:$E$11000,"Bathroom") -> 34500 | M13: =SUMIFS(OUT!$F$2:$F$11000,OUT!$H$2:$H$11000,H13,OUT!$D$2:$D$11000,"Out",OUT!$E$2:$E$11000,"Alfa") -> 293800 | N13: =SUMIFS(OUT!$F$2:$F$11000,OUT!$H$2:$H$101007,H13,OUT!$D$2:$D$11000,"Out",OUT!$E$2:$E$11000,"Jajan") -> #VALUE! | O13: =SUMIFS(OUT!$F$2:$F$11000,OUT!$H$2:$H$11000,H13,OUT!$D$2:$D$11000,"Out",OUT!$E$2:$E$11000,"Kitchen") -> 992724 | P13: =SUMIFS(OUT!$F$2:$F$11000,OUT!$H$2:$H$11000,H13,OUT!$D$2:$D$11000,"Out",OUT!$E$2:$E$11000,"Loandry") -> 41600 | Q13: =SUMIFS(OUT!$F$2:$F$11000,OUT!$H$2:$H$11000,H13,OUT!$D$2:$D$11000,"Out",OUT!$E$2:$E$11000,"Mio") -> 249000 | R13: =SUMIFS(OUT!$F$2:$F$11000,OUT!$H$2:$H$11000,H13,OUT!$D$2:$D$11000,"Out",OUT!$E$2:$E$11000,"Sedekah") -> 129000 | S13: =SUMIFS(OUT!$F$2:$F$11000,OUT!$H$2:$H$11000,H13,OUT!$D$2:$D$11000,"Out",OUT!$E$2:$E$11000,"Zela") -> 24100 | T13: =SUMIFS(OUT!$F$2:$F$11000,OUT!$H$2:$H$11000,H13,OUT!$D$2:$D$11000,"Out",OUT!$E$2:$E$11000,"Iqbal") -> 121000
A14: =IFERROR(__xludf.DUMMYFUNCTION("""COMPUTED_VALUE"""),46058) -> 46058 | B14: =IFERROR(__xludf.DUMMYFUNCTION("""COMPUTED_VALUE"""),"Istriku") -> Istriku | C14: =IFERROR(__xludf.DUMMYFUNCTION("""COMPUTED_VALUE"""),"Cash") -> Cash | D14: =IFERROR(__xludf.DUMMYFUNCTION("""COMPUTED_VALUE"""),"In") -> In | E14: =IFERROR(__xludf.DUMMYFUNCTION("""COMPUTED_VALUE"""),"Move") -> Move | F14: =IFERROR(__xludf.DUMMYFUNCTION("""COMPUTED_VALUE"""),50000) -> 50000 | G14: =IFERROR(__xludf.DUMMYFUNCTION("""COMPUTED_VALUE"""),"Ibal") -> Ibal | H14: =IF(A14="","", DATE(YEAR(A14),MONTH(A14),1) ) -> 46054 | I14: =SUMIFS(OUT!$F$2:$F$11000,OUT!$H$2:$H$11000,H14,OUT!$D$2:$D$101007,"In") -> #VALUE! | J14: =SUMIFS(OUT!$F$2:$F$11000,OUT!$H$2:$H$11000,H14,OUT!$D$2:$D$11000,"Out") -> 6908733 | K14: =SUMIFS(OUT!$F$2:$F$11000,OUT!$H$2:$H$11000,H14,OUT!$D$2:$D$11000,"Out",OUT!$E$2:$E$11000,"Fix") -> 2440568 | L14: =SUMIFS(OUT!$F$2:$F$11000,OUT!$H$2:$H$11000,H14,OUT!$D$2:$D$11000,"Out",OUT!$E$2:$E$11000,"Bathroom") -> 34500 | M14: =SUMIFS(OUT!$F$2:$F$11000,OUT!$H$2:$H$11000,H14,OUT!$D$2:$D$11000,"Out",OUT!$E$2:$E$11000,"Alfa") -> 293800 | N14: =SUMIFS(OUT!$F$2:$F$11000,OUT!$H$2:$H$101007,H14,OUT!$D$2:$D$11000,"Out",OUT!$E$2:$E$11000,"Jajan") -> #VALUE! | O14: =SUMIFS(OUT!$F$2:$F$11000,OUT!$H$2:$H$11000,H14,OUT!$D$2:$D$11000,"Out",OUT!$E$2:$E$11000,"Kitchen") -> 992724 | P14: =SUMIFS(OUT!$F$2:$F$11000,OUT!$H$2:$H$11000,H14,OUT!$D$2:$D$11000,"Out",OUT!$E$2:$E$11000,"Loandry") -> 41600 | Q14: =SUMIFS(OUT!$F$2:$F$11000,OUT!$H$2:$H$11000,H14,OUT!$D$2:$D$11000,"Out",OUT!$E$2:$E$11000,"Mio") -> 249000 | R14: =SUMIFS(OUT!$F$2:$F$11000,OUT!$H$2:$H$11000,H14,OUT!$D$2:$D$11000,"Out",OUT!$E$2:$E$11000,"Sedekah") -> 129000 | S14: =SUMIFS(OUT!$F$2:$F$11000,OUT!$H$2:$H$11000,H14,OUT!$D$2:$D$11000,"Out",OUT!$E$2:$E$11000,"Zela") -> 24100 | T14: =SUMIFS(OUT!$F$2:$F$11000,OUT!$H$2:$H$11000,H14,OUT!$D$2:$D$11000,"Out",OUT!$E$2:$E$11000,"Iqbal") -> 121000
A15: =IFERROR(__xludf.DUMMYFUNCTION("""COMPUTED_VALUE"""),46058) -> 46058 | B15: =IFERROR(__xludf.DUMMYFUNCTION("""COMPUTED_VALUE"""),"Bensin eceran") -> Bensin eceran | C15: =IFERROR(__xludf.DUMMYFUNCTION("""COMPUTED_VALUE"""),"Cash") -> Cash | D15: =IFERROR(__xludf.DUMMYFUNCTION("""COMPUTED_VALUE"""),"Out") -> Out | E15: =IFERROR(__xludf.DUMMYFUNCTION("""COMPUTED_VALUE"""),"Mio") -> Mio | F15: =IFERROR(__xludf.DUMMYFUNCTION("""COMPUTED_VALUE"""),12000) -> 12000 | G15: =IFERROR(__xludf.DUMMYFUNCTION("""COMPUTED_VALUE"""),"Ibal") -> Ibal | H15: =IF(A15="","", DATE(YEAR(A15),MONTH(A15),1) ) -> 46054 | I15: =SUMIFS(OUT!$F$2:$F$11000,OUT!$H$2:$H$11000,H15,OUT!$D$2:$D$101007,"In") -> #VALUE! | J15: =SUMIFS(OUT!$F$2:$F$11000,OUT!$H$2:$H$11000,H15,OUT!$D$2:$D$11000,"Out") -> 6908733 | K15: =SUMIFS(OUT!$F$2:$F$11000,OUT!$H$2:$H$11000,H15,OUT!$D$2:$D$11000,"Out",OUT!$E$2:$E$11000,"Fix") -> 2440568 | L15: =SUMIFS(OUT!$F$2:$F$11000,OUT!$H$2:$H$11000,H15,OUT!$D$2:$D$11000,"Out",OUT!$E$2:$E$11000,"Bathroom") -> 34500 | M15: =SUMIFS(OUT!$F$2:$F$11000,OUT!$H$2:$H$11000,H15,OUT!$D$2:$D$11000,"Out",OUT!$E$2:$E$11000,"Alfa") -> 293800 | N15: =SUMIFS(OUT!$F$2:$F$11000,OUT!$H$2:$H$101007,H15,OUT!$D$2:$D$11000,"Out",OUT!$E$2:$E$11000,"Jajan") -> #VALUE! | O15: =SUMIFS(OUT!$F$2:$F$11000,OUT!$H$2:$H$11000,H15,OUT!$D$2:$D$11000,"Out",OUT!$E$2:$E$11000,"Kitchen") -> 992724 | P15: =SUMIFS(OUT!$F$2:$F$11000,OUT!$H$2:$H$11000,H15,OUT!$D$2:$D$11000,"Out",OUT!$E$2:$E$11000,"Loandry") -> 41600 | Q15: =SUMIFS(OUT!$F$2:$F$11000,OUT!$H$2:$H$11000,H15,OUT!$D$2:$D$11000,"Out",OUT!$E$2:$E$11000,"Mio") -> 249000 | R15: =SUMIFS(OUT!$F$2:$F$11000,OUT!$H$2:$H$11000,H15,OUT!$D$2:$D$11000,"Out",OUT!$E$2:$E$11000,"Sedekah") -> 129000 | S15: =SUMIFS(OUT!$F$2:$F$11000,OUT!$H$2:$H$11000,H15,OUT!$D$2:$D$11000,"Out",OUT!$E$2:$E$11000,"Zela") -> 24100 | T15: =SUMIFS(OUT!$F$2:$F$11000,OUT!$H$2:$H$11000,H15,OUT!$D$2:$D$11000,"Out",OUT!$E$2:$E$11000,"Iqbal") -> 121000
A16: =IFERROR(__xludf.DUMMYFUNCTION("""COMPUTED_VALUE"""),46058) -> 46058 | B16: =IFERROR(__xludf.DUMMYFUNCTION("""COMPUTED_VALUE"""),"Rokok") -> Rokok | C16: =IFERROR(__xludf.DUMMYFUNCTION("""COMPUTED_VALUE"""),"Cash") -> Cash | D16: =IFERROR(__xludf.DUMMYFUNCTION("""COMPUTED_VALUE"""),"Out") -> Out | E16: =IFERROR(__xludf.DUMMYFUNCTION("""COMPUTED_VALUE"""),"Iqbal") -> Iqbal | F16: =IFERROR(__xludf.DUMMYFUNCTION("""COMPUTED_VALUE"""),16000) -> 16000 | G16: =IFERROR(__xludf.DUMMYFUNCTION("""COMPUTED_VALUE"""),"Ibal") -> Ibal | H16: =IF(A16="","", DATE(YEAR(A16),MONTH(A16),1) ) -> 46054 | I16: =SUMIFS(OUT!$F$2:$F$11000,OUT!$H$2:$H$11000,H16,OUT!$D$2:$D$101007,"In") -> #VALUE! | J16: =SUMIFS(OUT!$F$2:$F$11000,OUT!$H$2:$H$11000,H16,OUT!$D$2:$D$11000,"Out") -> 6908733 | K16: =SUMIFS(OUT!$F$2:$F$11000,OUT!$H$2:$H$11000,H16,OUT!$D$2:$D$11000,"Out",OUT!$E$2:$E$11000,"Fix") -> 2440568 | L16: =SUMIFS(OUT!$F$2:$F$11000,OUT!$H$2:$H$11000,H16,OUT!$D$2:$D$11000,"Out",OUT!$E$2:$E$11000,"Bathroom") -> 34500 | M16: =SUMIFS(OUT!$F$2:$F$11000,OUT!$H$2:$H$11000,H16,OUT!$D$2:$D$11000,"Out",OUT!$E$2:$E$11000,"Alfa") -> 293800 | N16: =SUMIFS(OUT!$F$2:$F$11000,OUT!$H$2:$H$101007,H16,OUT!$D$2:$D$11000,"Out",OUT!$E$2:$E$11000,"Jajan") -> #VALUE! | O16: =SUMIFS(OUT!$F$2:$F$11000,OUT!$H$2:$H$11000,H16,OUT!$D$2:$D$11000,"Out",OUT!$E$2:$E$11000,"Kitchen") -> 992724 | P16: =SUMIFS(OUT!$F$2:$F$11000,OUT!$H$2:$H$11000,H16,OUT!$D$2:$D$11000,"Out",OUT!$E$2:$E$11000,"Loandry") -> 41600 | Q16: =SUMIFS(OUT!$F$2:$F$11000,OUT!$H$2:$H$11000,H16,OUT!$D$2:$D$11000,"Out",OUT!$E$2:$E$11000,"Mio") -> 249000 | R16: =SUMIFS(OUT!$F$2:$F$11000,OUT!$H$2:$H$11000,H16,OUT!$D$2:$D$11000,"Out",OUT!$E$2:$E$11000,"Sedekah") -> 129000 | S16: =SUMIFS(OUT!$F$2:$F$11000,OUT!$H$2:$H$11000,H16,OUT!$D$2:$D$11000,"Out",OUT!$E$2:$E$11000,"Zela") -> 24100 | T16: =SUMIFS(OUT!$F$2:$F$11000,OUT!$H$2:$H$11000,H16,OUT!$D$2:$D$11000,"Out",OUT!$E$2:$E$11000,"Iqbal") -> 121000
A17: =IFERROR(__xludf.DUMMYFUNCTION("""COMPUTED_VALUE"""),46058) -> 46058 | B17: =IFERROR(__xludf.DUMMYFUNCTION("""COMPUTED_VALUE"""),"Sewa Rumah (Februari 2026)") -> Sewa Rumah (Februari 2026) | C17: =IFERROR(__xludf.DUMMYFUNCTION("""COMPUTED_VALUE"""),"ATM") -> ATM | D17: =IFERROR(__xludf.DUMMYFUNCTION("""COMPUTED_VALUE"""),"Out") -> Out | E17: =IFERROR(__xludf.DUMMYFUNCTION("""COMPUTED_VALUE"""),"Fix") -> Fix | F17: =IFERROR(__xludf.DUMMYFUNCTION("""COMPUTED_VALUE"""),1000494) -> 1000494 | G17: =IFERROR(__xludf.DUMMYFUNCTION("""COMPUTED_VALUE"""),"Ibal") -> Ibal | H17: =IF(A17="","", DATE(YEAR(A17),MONTH(A17),1) ) -> 46054 | I17: =SUMIFS(OUT!$F$2:$F$11000,OUT!$H$2:$H$11000,H17,OUT!$D$2:$D$101007,"In") -> #VALUE! | J17: =SUMIFS(OUT!$F$2:$F$11000,OUT!$H$2:$H$11000,H17,OUT!$D$2:$D$11000,"Out") -> 6908733 | K17: =SUMIFS(OUT!$F$2:$F$11000,OUT!$H$2:$H$11000,H17,OUT!$D$2:$D$11000,"Out",OUT!$E$2:$E$11000,"Fix") -> 2440568 | L17: =SUMIFS(OUT!$F$2:$F$11000,OUT!$H$2:$H$11000,H17,OUT!$D$2:$D$11000,"Out",OUT!$E$2:$E$11000,"Bathroom") -> 34500 | M17: =SUMIFS(OUT!$F$2:$F$11000,OUT!$H$2:$H$11000,H17,OUT!$D$2:$D$11000,"Out",OUT!$E$2:$E$11000,"Alfa") -> 293800 | N17: =SUMIFS(OUT!$F$2:$F$11000,OUT!$H$2:$H$101007,H17,OUT!$D$2:$D$11000,"Out",OUT!$E$2:$E$11000,"Jajan") -> #VALUE! | O17: =SUMIFS(OUT!$F$2:$F$11000,OUT!$H$2:$H$11000,H17,OUT!$D$2:$D$11000,"Out",OUT!$E$2:$E$11000,"Kitchen") -> 992724 | P17: =SUMIFS(OUT!$F$2:$F$11000,OUT!$H$2:$H$11000,H17,OUT!$D$2:$D$11000,"Out",OUT!$E$2:$E$11000,"Loandry") -> 41600 | Q17: =SUMIFS(OUT!$F$2:$F$11000,OUT!$H$2:$H$11000,H17,OUT!$D$2:$D$11000,"Out",OUT!$E$2:$E$11000,"Mio") -> 249000 | R17: =SUMIFS(OUT!$F$2:$F$11000,OUT!$H$2:$H$11000,H17,OUT!$D$2:$D$11000,"Out",OUT!$E$2:$E$11000,"Sedekah") -> 129000 | S17: =SUMIFS(OUT!$F$2:$F$11000,OUT!$H$2:$H$11000,H17,OUT!$D$2:$D$11000,"Out",OUT!$E$2:$E$11000,"Zela") -> 24100 | T17: =SUMIFS(OUT!$F$2:$F$11000,OUT!$H$2:$H$11000,H17,OUT!$D$2:$D$11000,"Out",OUT!$E$2:$E$11000,"Iqbal") -> 121000
A18: =IFERROR(__xludf.DUMMYFUNCTION("""COMPUTED_VALUE"""),46058) -> 46058 | B18: =IFERROR(__xludf.DUMMYFUNCTION("""COMPUTED_VALUE"""),"Iuran (Februari 2026)") -> Iuran (Februari 2026) | C18: =IFERROR(__xludf.DUMMYFUNCTION("""COMPUTED_VALUE"""),"ATM") -> ATM | D18: =IFERROR(__xludf.DUMMYFUNCTION("""COMPUTED_VALUE"""),"Out") -> Out | E18: =IFERROR(__xludf.DUMMYFUNCTION("""COMPUTED_VALUE"""),"Fix") -> Fix | F18: =IFERROR(__xludf.DUMMYFUNCTION("""COMPUTED_VALUE"""),75000) -> 75000 | G18: =IFERROR(__xludf.DUMMYFUNCTION("""COMPUTED_VALUE"""),"Ibal") -> Ibal | H18: =IF(A18="","", DATE(YEAR(A18),MONTH(A18),1) ) -> 46054 | I18: =SUMIFS(OUT!$F$2:$F$11000,OUT!$H$2:$H$11000,H18,OUT!$D$2:$D$101007,"In") -> #VALUE! | J18: =SUMIFS(OUT!$F$2:$F$11000,OUT!$H$2:$H$11000,H18,OUT!$D$2:$D$11000,"Out") -> 6908733 | K18: =SUMIFS(OUT!$F$2:$F$11000,OUT!$H$2:$H$11000,H18,OUT!$D$2:$D$11000,"Out",OUT!$E$2:$E$11000,"Fix") -> 2440568 | L18: =SUMIFS(OUT!$F$2:$F$11000,OUT!$H$2:$H$11000,H18,OUT!$D$2:$D$11000,"Out",OUT!$E$2:$E$11000,"Bathroom") -> 34500 | M18: =SUMIFS(OUT!$F$2:$F$11000,OUT!$H$2:$H$11000,H18,OUT!$D$2:$D$11000,"Out",OUT!$E$2:$E$11000,"Alfa") -> 293800 | N18: =SUMIFS(OUT!$F$2:$F$11000,OUT!$H$2:$H$101007,H18,OUT!$D$2:$D$11000,"Out",OUT!$E$2:$E$11000,"Jajan") -> #VALUE! | O18: =SUMIFS(OUT!$F$2:$F$11000,OUT!$H$2:$H$11000,H18,OUT!$D$2:$D$11000,"Out",OUT!$E$2:$E$11000,"Kitchen") -> 992724 | P18: =SUMIFS(OUT!$F$2:$F$11000,OUT!$H$2:$H$11000,H18,OUT!$D$2:$D$11000,"Out",OUT!$E$2:$E$11000,"Loandry") -> 41600 | Q18: =SUMIFS(OUT!$F$2:$F$11000,OUT!$H$2:$H$11000,H18,OUT!$D$2:$D$11000,"Out",OUT!$E$2:$E$11000,"Mio") -> 249000 | R18: =SUMIFS(OUT!$F$2:$F$11000,OUT!$H$2:$H$11000,H18,OUT!$D$2:$D$11000,"Out",OUT!$E$2:$E$11000,"Sedekah") -> 129000 | S18: =SUMIFS(OUT!$F$2:$F$11000,OUT!$H$2:$H$11000,H18,OUT!$D$2:$D$11000,"Out",OUT!$E$2:$E$11000,"Zela") -> 24100 | T18: =SUMIFS(OUT!$F$2:$F$11000,OUT!$H$2:$H$11000,H18,OUT!$D$2:$D$11000,"Out",OUT!$E$2:$E$11000,"Iqbal") -> 121000
A19: =IFERROR(__xludf.DUMMYFUNCTION("""COMPUTED_VALUE"""),46058) -> 46058 | B19: =IFERROR(__xludf.DUMMYFUNCTION("""COMPUTED_VALUE"""),"Galon") -> Galon | C19: =IFERROR(__xludf.DUMMYFUNCTION("""COMPUTED_VALUE"""),"Cash") -> Cash | D19: =IFERROR(__xludf.DUMMYFUNCTION("""COMPUTED_VALUE"""),"Out") -> Out | E19: =IFERROR(__xludf.DUMMYFUNCTION("""COMPUTED_VALUE"""),"Kitchen") -> Kitchen | F19: =IFERROR(__xludf.DUMMYFUNCTION("""COMPUTED_VALUE"""),4000) -> 4000 | G19: =IFERROR(__xludf.DUMMYFUNCTION("""COMPUTED_VALUE"""),"Ibal") -> Ibal | H19: =IF(A19="","", DATE(YEAR(A19),MONTH(A19),1) ) -> 46054 | I19: =SUMIFS(OUT!$F$2:$F$11000,OUT!$H$2:$H$11000,H19,OUT!$D$2:$D$101007,"In") -> #VALUE! | J19: =SUMIFS(OUT!$F$2:$F$11000,OUT!$H$2:$H$11000,H19,OUT!$D$2:$D$11000,"Out") -> 6908733 | K19: =SUMIFS(OUT!$F$2:$F$11000,OUT!$H$2:$H$11000,H19,OUT!$D$2:$D$11000,"Out",OUT!$E$2:$E$11000,"Fix") -> 2440568 | L19: =SUMIFS(OUT!$F$2:$F$11000,OUT!$H$2:$H$11000,H19,OUT!$D$2:$D$11000,"Out",OUT!$E$2:$E$11000,"Bathroom") -> 34500 | M19: =SUMIFS(OUT!$F$2:$F$11000,OUT!$H$2:$H$11000,H19,OUT!$D$2:$D$11000,"Out",OUT!$E$2:$E$11000,"Alfa") -> 293800 | N19: =SUMIFS(OUT!$F$2:$F$11000,OUT!$H$2:$H$101007,H19,OUT!$D$2:$D$11000,"Out",OUT!$E$2:$E$11000,"Jajan") -> #VALUE! | O19: =SUMIFS(OUT!$F$2:$F$11000,OUT!$H$2:$H$11000,H19,OUT!$D$2:$D$11000,"Out",OUT!$E$2:$E$11000,"Kitchen") -> 992724 | P19: =SUMIFS(OUT!$F$2:$F$11000,OUT!$H$2:$H$11000,H19,OUT!$D$2:$D$11000,"Out",OUT!$E$2:$E$11000,"Loandry") -> 41600 | Q19: =SUMIFS(OUT!$F$2:$F$11000,OUT!$H$2:$H$11000,H19,OUT!$D$2:$D$11000,"Out",OUT!$E$2:$E$11000,"Mio") -> 249000 | R19: =SUMIFS(OUT!$F$2:$F$11000,OUT!$H$2:$H$11000,H19,OUT!$D$2:$D$11000,"Out",OUT!$E$2:$E$11000,"Sedekah") -> 129000 | S19: =SUMIFS(OUT!$F$2:$F$11000,OUT!$H$2:$H$11000,H19,OUT!$D$2:$D$11000,"Out",OUT!$E$2:$E$11000,"Zela") -> 24100 | T19: =SUMIFS(OUT!$F$2:$F$11000,OUT!$H$2:$H$11000,H19,OUT!$D$2:$D$11000,"Out",OUT!$E$2:$E$11000,"Iqbal") -> 121000
A20: =IFERROR(__xludf.DUMMYFUNCTION("""COMPUTED_VALUE"""),46059) -> 46059 | B20: =IFERROR(__xludf.DUMMYFUNCTION("""COMPUTED_VALUE"""),"Bensin") -> Bensin | C20: =IFERROR(__xludf.DUMMYFUNCTION("""COMPUTED_VALUE"""),"Cash") -> Cash | D20: =IFERROR(__xludf.DUMMYFUNCTION("""COMPUTED_VALUE"""),"Out") -> Out | E20: =IFERROR(__xludf.DUMMYFUNCTION("""COMPUTED_VALUE"""),"Mio") -> Mio | F20: =IFERROR(__xludf.DUMMYFUNCTION("""COMPUTED_VALUE"""),18000) -> 18000 | G20: =IFERROR(__xludf.DUMMYFUNCTION("""COMPUTED_VALUE"""),"Ibal") -> Ibal | H20: =IF(A20="","", DATE(YEAR(A20),MONTH(A20),1) ) -> 46054 | I20: =SUMIFS(OUT!$F$2:$F$11000,OUT!$H$2:$H$11000,H20,OUT!$D$2:$D$101007,"In") -> #VALUE! | J20: =SUMIFS(OUT!$F$2:$F$11000,OUT!$H$2:$H$11000,H20,OUT!$D$2:$D$11000,"Out") -> 6908733 | K20: =SUMIFS(OUT!$F$2:$F$11000,OUT!$H$2:$H$11000,H20,OUT!$D$2:$D$11000,"Out",OUT!$E$2:$E$11000,"Fix") -> 2440568 | L20: =SUMIFS(OUT!$F$2:$F$11000,OUT!$H$2:$H$11000,H20,OUT!$D$2:$D$11000,"Out",OUT!$E$2:$E$11000,"Bathroom") -> 34500 | M20: =SUMIFS(OUT!$F$2:$F$11000,OUT!$H$2:$H$11000,H20,OUT!$D$2:$D$11000,"Out",OUT!$E$2:$E$11000,"Alfa") -> 293800 | N20: =SUMIFS(OUT!$F$2:$F$11000,OUT!$H$2:$H$101007,H20,OUT!$D$2:$D$11000,"Out",OUT!$E$2:$E$11000,"Jajan") -> #VALUE! | O20: =SUMIFS(OUT!$F$2:$F$11000,OUT!$H$2:$H$11000,H20,OUT!$D$2:$D$11000,"Out",OUT!$E$2:$E$11000,"Kitchen") -> 992724 | P20: =SUMIFS(OUT!$F$2:$F$11000,OUT!$H$2:$H$11000,H20,OUT!$D$2:$D$11000,"Out",OUT!$E$2:$E$11000,"Loandry") -> 41600 | Q20: =SUMIFS(OUT!$F$2:$F$11000,OUT!$H$2:$H$11000,H20,OUT!$D$2:$D$11000,"Out",OUT!$E$2:$E$11000,"Mio") -> 249000 | R20: =SUMIFS(OUT!$F$2:$F$11000,OUT!$H$2:$H$11000,H20,OUT!$D$2:$D$11000,"Out",OUT!$E$2:$E$11000,"Sedekah") -> 129000 | S20: =SUMIFS(OUT!$F$2:$F$11000,OUT!$H$2:$H$11000,H20,OUT!$D$2:$D$11000,"Out",OUT!$E$2:$E$11000,"Zela") -> 24100 | T20: =SUMIFS(OUT!$F$2:$F$11000,OUT!$H$2:$H$11000,H20,OUT!$D$2:$D$11000,"Out",OUT!$E$2:$E$11000,"Iqbal") -> 121000
A21: =IFERROR(__xludf.DUMMYFUNCTION("""COMPUTED_VALUE"""),46065) -> 46065 | B21: =IFERROR(__xludf.DUMMYFUNCTION("""COMPUTED_VALUE"""),"Bensin") -> Bensin | C21: =IFERROR(__xludf.DUMMYFUNCTION("""COMPUTED_VALUE"""),"ATM") -> ATM | D21: =IFERROR(__xludf.DUMMYFUNCTION("""COMPUTED_VALUE"""),"Out") -> Out | E21: =IFERROR(__xludf.DUMMYFUNCTION("""COMPUTED_VALUE"""),"Mio") -> Mio | F21: =IFERROR(__xludf.DUMMYFUNCTION("""COMPUTED_VALUE"""),20000) -> 20000 | G21: =IFERROR(__xludf.DUMMYFUNCTION("""COMPUTED_VALUE"""),"Ibal") -> Ibal | H21: =IF(A21="","", DATE(YEAR(A21),MONTH(A21),1) ) -> 46054 | I21: =SUMIFS(OUT!$F$2:$F$11000,OUT!$H$2:$H$11000,H21,OUT!$D$2:$D$101007,"In") -> #VALUE! | J21: =SUMIFS(OUT!$F$2:$F$11000,OUT!$H$2:$H$11000,H21,OUT!$D$2:$D$11000,"Out") -> 6908733 | K21: =SUMIFS(OUT!$F$2:$F$11000,OUT!$H$2:$H$11000,H21,OUT!$D$2:$D$11000,"Out",OUT!$E$2:$E$11000,"Fix") -> 2440568 | L21: =SUMIFS(OUT!$F$2:$F$11000,OUT!$H$2:$H$11000,H21,OUT!$D$2:$D$11000,"Out",OUT!$E$2:$E$11000,"Bathroom") -> 34500 | M21: =SUMIFS(OUT!$F$2:$F$11000,OUT!$H$2:$H$11000,H21,OUT!$D$2:$D$11000,"Out",OUT!$E$2:$E$11000,"Alfa") -> 293800 | N21: =SUMIFS(OUT!$F$2:$F$11000,OUT!$H$2:$H$101007,H21,OUT!$D$2:$D$11000,"Out",OUT!$E$2:$E$11000,"Jajan") -> #VALUE! | O21: =SUMIFS(OUT!$F$2:$F$11000,OUT!$H$2:$H$11000,H21,OUT!$D$2:$D$11000,"Out",OUT!$E$2:$E$11000,"Kitchen") -> 992724 | P21: =SUMIFS(OUT!$F$2:$F$11000,OUT!$H$2:$H$11000,H21,OUT!$D$2:$D$11000,"Out",OUT!$E$2:$E$11000,"Loandry") -> 41600 | Q21: =SUMIFS(OUT!$F$2:$F$11000,OUT!$H$2:$H$11000,H21,OUT!$D$2:$D$11000,"Out",OUT!$E$2:$E$11000,"Mio") -> 249000 | R21: =SUMIFS(OUT!$F$2:$F$11000,OUT!$H$2:$H$11000,H21,OUT!$D$2:$D$11000,"Out",OUT!$E$2:$E$11000,"Sedekah") -> 129000 | S21: =SUMIFS(OUT!$F$2:$F$11000,OUT!$H$2:$H$11000,H21,OUT!$D$2:$D$11000,"Out",OUT!$E$2:$E$11000,"Zela") -> 24100 | T21: =SUMIFS(OUT!$F$2:$F$11000,OUT!$H$2:$H$11000,H21,OUT!$D$2:$D$11000,"Out",OUT!$E$2:$E$11000,"Iqbal") -> 121000
A22: =IFERROR(__xludf.DUMMYFUNCTION("""COMPUTED_VALUE"""),46065) -> 46065 | B22: =IFERROR(__xludf.DUMMYFUNCTION("""COMPUTED_VALUE"""),"Golda + pisang goreng") -> Golda + pisang goreng | C22: =IFERROR(__xludf.DUMMYFUNCTION("""COMPUTED_VALUE"""),"ATM") -> ATM | D22: =IFERROR(__xludf.DUMMYFUNCTION("""COMPUTED_VALUE"""),"Out") -> Out | E22: =IFERROR(__xludf.DUMMYFUNCTION("""COMPUTED_VALUE"""),"Jajan") -> Jajan | F22: =IFERROR(__xludf.DUMMYFUNCTION("""COMPUTED_VALUE"""),17000) -> 17000 | G22: =IFERROR(__xludf.DUMMYFUNCTION("""COMPUTED_VALUE"""),"Ibal") -> Ibal | H22: =IF(A22="","", DATE(YEAR(A22),MONTH(A22),1) ) -> 46054 | I22: =SUMIFS(OUT!$F$2:$F$11000,OUT!$H$2:$H$11000,H22,OUT!$D$2:$D$101007,"In") -> #VALUE! | J22: =SUMIFS(OUT!$F$2:$F$11000,OUT!$H$2:$H$11000,H22,OUT!$D$2:$D$11000,"Out") -> 6908733 | K22: =SUMIFS(OUT!$F$2:$F$11000,OUT!$H$2:$H$11000,H22,OUT!$D$2:$D$11000,"Out",OUT!$E$2:$E$11000,"Fix") -> 2440568 | L22: =SUMIFS(OUT!$F$2:$F$11000,OUT!$H$2:$H$11000,H22,OUT!$D$2:$D$11000,"Out",OUT!$E$2:$E$11000,"Bathroom") -> 34500 | M22: =SUMIFS(OUT!$F$2:$F$11000,OUT!$H$2:$H$11000,H22,OUT!$D$2:$D$11000,"Out",OUT!$E$2:$E$11000,"Alfa") -> 293800 | N22: =SUMIFS(OUT!$F$2:$F$11000,OUT!$H$2:$H$101007,H22,OUT!$D$2:$D$11000,"Out",OUT!$E$2:$E$11000,"Jajan") -> #VALUE! | O22: =SUMIFS(OUT!$F$2:$F$11000,OUT!$H$2:$H$11000,H22,OUT!$D$2:$D$11000,"Out",OUT!$E$2:$E$11000,"Kitchen") -> 992724 | P22: =SUMIFS(OUT!$F$2:$F$11000,OUT!$H$2:$H$11000,H22,OUT!$D$2:$D$11000,"Out",OUT!$E$2:$E$11000,"Loandry") -> 41600 | Q22: =SUMIFS(OUT!$F$2:$F$11000,OUT!$H$2:$H$11000,H22,OUT!$D$2:$D$11000,"Out",OUT!$E$2:$E$11000,"Mio") -> 249000 | R22: =SUMIFS(OUT!$F$2:$F$11000,OUT!$H$2:$H$11000,H22,OUT!$D$2:$D$11000,"Out",OUT!$E$2:$E$11000,"Sedekah") -> 129000 | S22: =SUMIFS(OUT!$F$2:$F$11000,OUT!$H$2:$H$11000,H22,OUT!$D$2:$D$11000,"Out",OUT!$E$2:$E$11000,"Zela") -> 24100 | T22: =SUMIFS(OUT!$F$2:$F$11000,OUT!$H$2:$H$11000,H22,OUT!$D$2:$D$11000,"Out",OUT!$E$2:$E$11000,"Iqbal") -> 121000
A23: =IFERROR(__xludf.DUMMYFUNCTION("""COMPUTED_VALUE"""),46065) -> 46065 | B23: =IFERROR(__xludf.DUMMYFUNCTION("""COMPUTED_VALUE"""),"Token listrik 100k (65,30 kwh)") -> Token listrik 100k (65,30 kwh) | C23: =IFERROR(__xludf.DUMMYFUNCTION("""COMPUTED_VALUE"""),"ATM") -> ATM | D23: =IFERROR(__xludf.DUMMYFUNCTION("""COMPUTED_VALUE"""),"Out") -> Out | E23: =IFERROR(__xludf.DUMMYFUNCTION("""COMPUTED_VALUE"""),"Fix") -> Fix | F23: =IFERROR(__xludf.DUMMYFUNCTION("""COMPUTED_VALUE"""),101750) -> 101750 | G23: =IFERROR(__xludf.DUMMYFUNCTION("""COMPUTED_VALUE"""),"Ibal") -> Ibal | H23: =IF(A23="","", DATE(YEAR(A23),MONTH(A23),1) ) -> 46054 | I23: =SUMIFS(OUT!$F$2:$F$11000,OUT!$H$2:$H$11000,H23,OUT!$D$2:$D$101007,"In") -> #VALUE! | J23: =SUMIFS(OUT!$F$2:$F$11000,OUT!$H$2:$H$11000,H23,OUT!$D$2:$D$11000,"Out") -> 6908733 | K23: =SUMIFS(OUT!$F$2:$F$11000,OUT!$H$2:$H$11000,H23,OUT!$D$2:$D$11000,"Out",OUT!$E$2:$E$11000,"Fix") -> 2440568 | L23: =SUMIFS(OUT!$F$2:$F$11000,OUT!$H$2:$H$11000,H23,OUT!$D$2:$D$11000,"Out",OUT!$E$2:$E$11000,"Bathroom") -> 34500 | M23: =SUMIFS(OUT!$F$2:$F$11000,OUT!$H$2:$H$11000,H23,OUT!$D$2:$D$11000,"Out",OUT!$E$2:$E$11000,"Alfa") -> 293800 | N23: =SUMIFS(OUT!$F$2:$F$11000,OUT!$H$2:$H$101007,H23,OUT!$D$2:$D$11000,"Out",OUT!$E$2:$E$11000,"Jajan") -> #VALUE! | O23: =SUMIFS(OUT!$F$2:$F$11000,OUT!$H$2:$H$11000,H23,OUT!$D$2:$D$11000,"Out",OUT!$E$2:$E$11000,"Kitchen") -> 992724 | P23: =SUMIFS(OUT!$F$2:$F$11000,OUT!$H$2:$H$11000,H23,OUT!$D$2:$D$11000,"Out",OUT!$E$2:$E$11000,"Loandry") -> 41600 | Q23: =SUMIFS(OUT!$F$2:$F$11000,OUT!$H$2:$H$11000,H23,OUT!$D$2:$D$11000,"Out",OUT!$E$2:$E$11000,"Mio") -> 249000 | R23: =SUMIFS(OUT!$F$2:$F$11000,OUT!$H$2:$H$11000,H23,OUT!$D$2:$D$11000,"Out",OUT!$E$2:$E$11000,"Sedekah") -> 129000 | S23: =SUMIFS(OUT!$F$2:$F$11000,OUT!$H$2:$H$11000,H23,OUT!$D$2:$D$11000,"Out",OUT!$E$2:$E$11000,"Zela") -> 24100 | T23: =SUMIFS(OUT!$F$2:$F$11000,OUT!$H$2:$H$11000,H23,OUT!$D$2:$D$11000,"Out",OUT!$E$2:$E$11000,"Iqbal") -> 121000
A24: =IFERROR(__xludf.DUMMYFUNCTION("""COMPUTED_VALUE"""),46068) -> 46068 | B24: =IFERROR(__xludf.DUMMYFUNCTION("""COMPUTED_VALUE"""),"Rokok") -> Rokok | C24: =IFERROR(__xludf.DUMMYFUNCTION("""COMPUTED_VALUE"""),"ATM") -> ATM | D24: =IFERROR(__xludf.DUMMYFUNCTION("""COMPUTED_VALUE"""),"Out") -> Out | E24: =IFERROR(__xludf.DUMMYFUNCTION("""COMPUTED_VALUE"""),"Iqbal") -> Iqbal | F24: =IFERROR(__xludf.DUMMYFUNCTION("""COMPUTED_VALUE"""),15000) -> 15000 | G24: =IFERROR(__xludf.DUMMYFUNCTION("""COMPUTED_VALUE"""),"Ibal") -> Ibal | H24: =IF(A24="","", DATE(YEAR(A24),MONTH(A24),1) ) -> 46054 | I24: =SUMIFS(OUT!$F$2:$F$11000,OUT!$H$2:$H$11000,H24,OUT!$D$2:$D$101007,"In") -> #VALUE! | J24: =SUMIFS(OUT!$F$2:$F$11000,OUT!$H$2:$H$11000,H24,OUT!$D$2:$D$11000,"Out") -> 6908733 | K24: =SUMIFS(OUT!$F$2:$F$11000,OUT!$H$2:$H$11000,H24,OUT!$D$2:$D$11000,"Out",OUT!$E$2:$E$11000,"Fix") -> 2440568 | L24: =SUMIFS(OUT!$F$2:$F$11000,OUT!$H$2:$H$11000,H24,OUT!$D$2:$D$11000,"Out",OUT!$E$2:$E$11000,"Bathroom") -> 34500 | M24: =SUMIFS(OUT!$F$2:$F$11000,OUT!$H$2:$H$11000,H24,OUT!$D$2:$D$11000,"Out",OUT!$E$2:$E$11000,"Alfa") -> 293800 | N24: =SUMIFS(OUT!$F$2:$F$11000,OUT!$H$2:$H$101007,H24,OUT!$D$2:$D$11000,"Out",OUT!$E$2:$E$11000,"Jajan") -> #VALUE! | O24: =SUMIFS(OUT!$F$2:$F$11000,OUT!$H$2:$H$11000,H24,OUT!$D$2:$D$11000,"Out",OUT!$E$2:$E$11000,"Kitchen") -> 992724 | P24: =SUMIFS(OUT!$F$2:$F$11000,OUT!$H$2:$H$11000,H24,OUT!$D$2:$D$11000,"Out",OUT!$E$2:$E$11000,"Loandry") -> 41600 | Q24: =SUMIFS(OUT!$F$2:$F$11000,OUT!$H$2:$H$11000,H24,OUT!$D$2:$D$11000,"Out",OUT!$E$2:$E$11000,"Mio") -> 249000 | R24: =SUMIFS(OUT!$F$2:$F$11000,OUT!$H$2:$H$11000,H24,OUT!$D$2:$D$11000,"Out",OUT!$E$2:$E$11000,"Sedekah") -> 129000 | S24: =SUMIFS(OUT!$F$2:$F$11000,OUT!$H$2:$H$11000,H24,OUT!$D$2:$D$11000,"Out",OUT!$E$2:$E$11000,"Zela") -> 24100 | T24: =SUMIFS(OUT!$F$2:$F$11000,OUT!$H$2:$H$11000,H24,OUT!$D$2:$D$11000,"Out",OUT!$E$2:$E$11000,"Iqbal") -> 121000
A25: =IFERROR(__xludf.DUMMYFUNCTION("""COMPUTED_VALUE"""),46067) -> 46067 | B25: =IFERROR(__xludf.DUMMYFUNCTION("""COMPUTED_VALUE"""),"Byu (2)") -> Byu (2) | C25: =IFERROR(__xludf.DUMMYFUNCTION("""COMPUTED_VALUE"""),"ATM") -> ATM | D25: =IFERROR(__xludf.DUMMYFUNCTION("""COMPUTED_VALUE"""),"Out") -> Out | E25: =IFERROR(__xludf.DUMMYFUNCTION("""COMPUTED_VALUE"""),"Fix") -> Fix | F25: =IFERROR(__xludf.DUMMYFUNCTION("""COMPUTED_VALUE"""),25000) -> 25000 | G25: =IFERROR(__xludf.DUMMYFUNCTION("""COMPUTED_VALUE"""),"Ibal") -> Ibal | H25: =IF(A25="","", DATE(YEAR(A25),MONTH(A25),1) ) -> 46054 | I25: =SUMIFS(OUT!$F$2:$F$11000,OUT!$H$2:$H$11000,H25,OUT!$D$2:$D$101007,"In") -> #VALUE! | J25: =SUMIFS(OUT!$F$2:$F$11000,OUT!$H$2:$H$11000,H25,OUT!$D$2:$D$11000,"Out") -> 6908733 | K25: =SUMIFS(OUT!$F$2:$F$11000,OUT!$H$2:$H$11000,H25,OUT!$D$2:$D$11000,"Out",OUT!$E$2:$E$11000,"Fix") -> 2440568 | L25: =SUMIFS(OUT!$F$2:$F$11000,OUT!$H$2:$H$11000,H25,OUT!$D$2:$D$11000,"Out",OUT!$E$2:$E$11000,"Bathroom") -> 34500 | M25: =SUMIFS(OUT!$F$2:$F$11000,OUT!$H$2:$H$11000,H25,OUT!$D$2:$D$11000,"Out",OUT!$E$2:$E$11000,"Alfa") -> 293800 | N25: =SUMIFS(OUT!$F$2:$F$11000,OUT!$H$2:$H$101007,H25,OUT!$D$2:$D$11000,"Out",OUT!$E$2:$E$11000,"Jajan") -> #VALUE! | O25: =SUMIFS(OUT!$F$2:$F$11000,OUT!$H$2:$H$11000,H25,OUT!$D$2:$D$11000,"Out",OUT!$E$2:$E$11000,"Kitchen") -> 992724 | P25: =SUMIFS(OUT!$F$2:$F$11000,OUT!$H$2:$H$11000,H25,OUT!$D$2:$D$11000,"Out",OUT!$E$2:$E$11000,"Loandry") -> 41600 | Q25: =SUMIFS(OUT!$F$2:$F$11000,OUT!$H$2:$H$11000,H25,OUT!$D$2:$D$11000,"Out",OUT!$E$2:$E$11000,"Mio") -> 249000 | R25: =SUMIFS(OUT!$F$2:$F$11000,OUT!$H$2:$H$11000,H25,OUT!$D$2:$D$11000,"Out",OUT!$E$2:$E$11000,"Sedekah") -> 129000 | S25: =SUMIFS(OUT!$F$2:$F$11000,OUT!$H$2:$H$11000,H25,OUT!$D$2:$D$11000,"Out",OUT!$E$2:$E$11000,"Zela") -> 24100 | T25: =SUMIFS(OUT!$F$2:$F$11000,OUT!$H$2:$H$11000,H25,OUT!$D$2:$D$11000,"Out",OUT!$E$2:$E$11000,"Iqbal") -> 121000
A26: =IFERROR(__xludf.DUMMYFUNCTION("""COMPUTED_VALUE"""),46069) -> 46069 | B26: =IFERROR(__xludf.DUMMYFUNCTION("""COMPUTED_VALUE"""),"Aulia") -> Aulia | C26: =IFERROR(__xludf.DUMMYFUNCTION("""COMPUTED_VALUE"""),"ATM") -> ATM | D26: =IFERROR(__xludf.DUMMYFUNCTION("""COMPUTED_VALUE"""),"In") -> In | E26: =IFERROR(__xludf.DUMMYFUNCTION("""COMPUTED_VALUE"""),"Fix") -> Fix | F26: =IFERROR(__xludf.DUMMYFUNCTION("""COMPUTED_VALUE"""),300000) -> 300000 | G26: =IFERROR(__xludf.DUMMYFUNCTION("""COMPUTED_VALUE"""),"Ibal") -> Ibal | H26: =IF(A26="","", DATE(YEAR(A26),MONTH(A26),1) ) -> 46054 | I26: =SUMIFS(OUT!$F$2:$F$11000,OUT!$H$2:$H$11000,H26,OUT!$D$2:$D$101007,"In") -> #VALUE! | J26: =SUMIFS(OUT!$F$2:$F$11000,OUT!$H$2:$H$11000,H26,OUT!$D$2:$D$11000,"Out") -> 6908733 | K26: =SUMIFS(OUT!$F$2:$F$11000,OUT!$H$2:$H$11000,H26,OUT!$D$2:$D$11000,"Out",OUT!$E$2:$E$11000,"Fix") -> 2440568 | L26: =SUMIFS(OUT!$F$2:$F$11000,OUT!$H$2:$H$11000,H26,OUT!$D$2:$D$11000,"Out",OUT!$E$2:$E$11000,"Bathroom") -> 34500 | M26: =SUMIFS(OUT!$F$2:$F$11000,OUT!$H$2:$H$11000,H26,OUT!$D$2:$D$11000,"Out",OUT!$E$2:$E$11000,"Alfa") -> 293800 | N26: =SUMIFS(OUT!$F$2:$F$11000,OUT!$H$2:$H$101007,H26,OUT!$D$2:$D$11000,"Out",OUT!$E$2:$E$11000,"Jajan") -> #VALUE! | O26: =SUMIFS(OUT!$F$2:$F$11000,OUT!$H$2:$H$11000,H26,OUT!$D$2:$D$11000,"Out",OUT!$E$2:$E$11000,"Kitchen") -> 992724 | P26: =SUMIFS(OUT!$F$2:$F$11000,OUT!$H$2:$H$11000,H26,OUT!$D$2:$D$11000,"Out",OUT!$E$2:$E$11000,"Loandry") -> 41600 | Q26: =SUMIFS(OUT!$F$2:$F$11000,OUT!$H$2:$H$11000,H26,OUT!$D$2:$D$11000,"Out",OUT!$E$2:$E$11000,"Mio") -> 249000 | R26: =SUMIFS(OUT!$F$2:$F$11000,OUT!$H$2:$H$11000,H26,OUT!$D$2:$D$11000,"Out",OUT!$E$2:$E$11000,"Sedekah") -> 129000 | S26: =SUMIFS(OUT!$F$2:$F$11000,OUT!$H$2:$H$11000,H26,OUT!$D$2:$D$11000,"Out",OUT!$E$2:$E$11000,"Zela") -> 24100 | T26: =SUMIFS(OUT!$F$2:$F$11000,OUT!$H$2:$H$11000,H26,OUT!$D$2:$D$11000,"Out",OUT!$E$2:$E$11000,"Iqbal") -> 121000
A27: =IFERROR(__xludf.DUMMYFUNCTION("""COMPUTED_VALUE"""),46069) -> 46069 | B27: =IFERROR(__xludf.DUMMYFUNCTION("""COMPUTED_VALUE"""),"Istriku") -> Istriku | C27: =IFERROR(__xludf.DUMMYFUNCTION("""COMPUTED_VALUE"""),"ATM") -> ATM | D27: =IFERROR(__xludf.DUMMYFUNCTION("""COMPUTED_VALUE"""),"Out") -> Out | E27: =IFERROR(__xludf.DUMMYFUNCTION("""COMPUTED_VALUE"""),"Move") -> Move | F27: =IFERROR(__xludf.DUMMYFUNCTION("""COMPUTED_VALUE"""),200000) -> 200000 | G27: =IFERROR(__xludf.DUMMYFUNCTION("""COMPUTED_VALUE"""),"Ibal") -> Ibal | H27: =IF(A27="","", DATE(YEAR(A27),MONTH(A27),1) ) -> 46054 | I27: =SUMIFS(OUT!$F$2:$F$11000,OUT!$H$2:$H$11000,H27,OUT!$D$2:$D$101007,"In") -> #VALUE! | J27: =SUMIFS(OUT!$F$2:$F$11000,OUT!$H$2:$H$11000,H27,OUT!$D$2:$D$11000,"Out") -> 6908733 | K27: =SUMIFS(OUT!$F$2:$F$11000,OUT!$H$2:$H$11000,H27,OUT!$D$2:$D$11000,"Out",OUT!$E$2:$E$11000,"Fix") -> 2440568 | L27: =SUMIFS(OUT!$F$2:$F$11000,OUT!$H$2:$H$11000,H27,OUT!$D$2:$D$11000,"Out",OUT!$E$2:$E$11000,"Bathroom") -> 34500 | M27: =SUMIFS(OUT!$F$2:$F$11000,OUT!$H$2:$H$11000,H27,OUT!$D$2:$D$11000,"Out",OUT!$E$2:$E$11000,"Alfa") -> 293800 | N27: =SUMIFS(OUT!$F$2:$F$11000,OUT!$H$2:$H$101007,H27,OUT!$D$2:$D$11000,"Out",OUT!$E$2:$E$11000,"Jajan") -> #VALUE! | O27: =SUMIFS(OUT!$F$2:$F$11000,OUT!$H$2:$H$11000,H27,OUT!$D$2:$D$11000,"Out",OUT!$E$2:$E$11000,"Kitchen") -> 992724 | P27: =SUMIFS(OUT!$F$2:$F$11000,OUT!$H$2:$H$11000,H27,OUT!$D$2:$D$11000,"Out",OUT!$E$2:$E$11000,"Loandry") -> 41600 | Q27: =SUMIFS(OUT!$F$2:$F$11000,OUT!$H$2:$H$11000,H27,OUT!$D$2:$D$11000,"Out",OUT!$E$2:$E$11000,"Mio") -> 249000 | R27: =SUMIFS(OUT!$F$2:$F$11000,OUT!$H$2:$H$11000,H27,OUT!$D$2:$D$11000,"Out",OUT!$E$2:$E$11000,"Sedekah") -> 129000 | S27: =SUMIFS(OUT!$F$2:$F$11000,OUT!$H$2:$H$11000,H27,OUT!$D$2:$D$11000,"Out",OUT!$E$2:$E$11000,"Zela") -> 24100 | T27: =SUMIFS(OUT!$F$2:$F$11000,OUT!$H$2:$H$11000,H27,OUT!$D$2:$D$11000,"Out",OUT!$E$2:$E$11000,"Iqbal") -> 121000
A28: =IFERROR(__xludf.DUMMYFUNCTION("""COMPUTED_VALUE"""),46069) -> 46069 | B28: =IFERROR(__xludf.DUMMYFUNCTION("""COMPUTED_VALUE"""),"Tatik Tunai") -> Tatik Tunai | C28: =IFERROR(__xludf.DUMMYFUNCTION("""COMPUTED_VALUE"""),"ATM") -> ATM | D28: =IFERROR(__xludf.DUMMYFUNCTION("""COMPUTED_VALUE"""),"Move") -> Move | E28: =IFERROR(__xludf.DUMMYFUNCTION("""COMPUTED_VALUE"""),"Move") -> Move | F28: =IFERROR(__xludf.DUMMYFUNCTION("""COMPUTED_VALUE"""),100000) -> 100000 | G28: =IFERROR(__xludf.DUMMYFUNCTION("""COMPUTED_VALUE"""),"Ibal") -> Ibal | H28: =IF(A28="","", DATE(YEAR(A28),MONTH(A28),1) ) -> 46054 | I28: =SUMIFS(OUT!$F$2:$F$11000,OUT!$H$2:$H$11000,H28,OUT!$D$2:$D$101007,"In") -> #VALUE! | J28: =SUMIFS(OUT!$F$2:$F$11000,OUT!$H$2:$H$11000,H28,OUT!$D$2:$D$11000,"Out") -> 6908733 | K28: =SUMIFS(OUT!$F$2:$F$11000,OUT!$H$2:$H$11000,H28,OUT!$D$2:$D$11000,"Out",OUT!$E$2:$E$11000,"Fix") -> 2440568 | L28: =SUMIFS(OUT!$F$2:$F$11000,OUT!$H$2:$H$11000,H28,OUT!$D$2:$D$11000,"Out",OUT!$E$2:$E$11000,"Bathroom") -> 34500 | M28: =SUMIFS(OUT!$F$2:$F$11000,OUT!$H$2:$H$11000,H28,OUT!$D$2:$D$11000,"Out",OUT!$E$2:$E$11000,"Alfa") -> 293800 | N28: =SUMIFS(OUT!$F$2:$F$11000,OUT!$H$2:$H$101007,H28,OUT!$D$2:$D$11000,"Out",OUT!$E$2:$E$11000,"Jajan") -> #VALUE! | O28: =SUMIFS(OUT!$F$2:$F$11000,OUT!$H$2:$H$11000,H28,OUT!$D$2:$D$11000,"Out",OUT!$E$2:$E$11000,"Kitchen") -> 992724 | P28: =SUMIFS(OUT!$F$2:$F$11000,OUT!$H$2:$H$11000,H28,OUT!$D$2:$D$11000,"Out",OUT!$E$2:$E$11000,"Loandry") -> 41600 | Q28: =SUMIFS(OUT!$F$2:$F$11000,OUT!$H$2:$H$11000,H28,OUT!$D$2:$D$11000,"Out",OUT!$E$2:$E$11000,"Mio") -> 249000 | R28: =SUMIFS(OUT!$F$2:$F$11000,OUT!$H$2:$H$11000,H28,OUT!$D$2:$D$11000,"Out",OUT!$E$2:$E$11000,"Sedekah") -> 129000 | S28: =SUMIFS(OUT!$F$2:$F$11000,OUT!$H$2:$H$11000,H28,OUT!$D$2:$D$11000,"Out",OUT!$E$2:$E$11000,"Zela") -> 24100 | T28: =SUMIFS(OUT!$F$2:$F$11000,OUT!$H$2:$H$11000,H28,OUT!$D$2:$D$11000,"Out",OUT!$E$2:$E$11000,"Iqbal") -> 121000
A29: =IFERROR(__xludf.DUMMYFUNCTION("""COMPUTED_VALUE"""),46069) -> 46069 | B29: =IFERROR(__xludf.DUMMYFUNCTION("""COMPUTED_VALUE"""),"Terima Tunai") -> Terima Tunai | C29: =IFERROR(__xludf.DUMMYFUNCTION("""COMPUTED_VALUE"""),"Cash") -> Cash | D29: =IFERROR(__xludf.DUMMYFUNCTION("""COMPUTED_VALUE"""),"Move") -> Move | E29: =IFERROR(__xludf.DUMMYFUNCTION("""COMPUTED_VALUE"""),"Move") -> Move | F29: =IFERROR(__xludf.DUMMYFUNCTION("""COMPUTED_VALUE"""),100000) -> 100000 | G29: =IFERROR(__xludf.DUMMYFUNCTION("""COMPUTED_VALUE"""),"Ibal") -> Ibal | H29: =IF(A29="","", DATE(YEAR(A29),MONTH(A29),1) ) -> 46054 | I29: =SUMIFS(OUT!$F$2:$F$11000,OUT!$H$2:$H$11000,H29,OUT!$D$2:$D$101007,"In") -> #VALUE! | J29: =SUMIFS(OUT!$F$2:$F$11000,OUT!$H$2:$H$11000,H29,OUT!$D$2:$D$11000,"Out") -> 6908733 | K29: =SUMIFS(OUT!$F$2:$F$11000,OUT!$H$2:$H$11000,H29,OUT!$D$2:$D$11000,"Out",OUT!$E$2:$E$11000,"Fix") -> 2440568 | L29: =SUMIFS(OUT!$F$2:$F$11000,OUT!$H$2:$H$11000,H29,OUT!$D$2:$D$11000,"Out",OUT!$E$2:$E$11000,"Bathroom") -> 34500 | M29: =SUMIFS(OUT!$F$2:$F$11000,OUT!$H$2:$H$11000,H29,OUT!$D$2:$D$11000,"Out",OUT!$E$2:$E$11000,"Alfa") -> 293800 | N29: =SUMIFS(OUT!$F$2:$F$11000,OUT!$H$2:$H$101007,H29,OUT!$D$2:$D$11000,"Out",OUT!$E$2:$E$11000,"Jajan") -> #VALUE! | O29: =SUMIFS(OUT!$F$2:$F$11000,OUT!$H$2:$H$11000,H29,OUT!$D$2:$D$11000,"Out",OUT!$E$2:$E$11000,"Kitchen") -> 992724 | P29: =SUMIFS(OUT!$F$2:$F$11000,OUT!$H$2:$H$11000,H29,OUT!$D$2:$D$11000,"Out",OUT!$E$2:$E$11000,"Loandry") -> 41600 | Q29: =SUMIFS(OUT!$F$2:$F$11000,OUT!$H$2:$H$11000,H29,OUT!$D$2:$D$11000,"Out",OUT!$E$2:$E$11000,"Mio") -> 249000 | R29: =SUMIFS(OUT!$F$2:$F$11000,OUT!$H$2:$H$11000,H29,OUT!$D$2:$D$11000,"Out",OUT!$E$2:$E$11000,"Sedekah") -> 129000 | S29: =SUMIFS(OUT!$F$2:$F$11000,OUT!$H$2:$H$11000,H29,OUT!$D$2:$D$11000,"Out",OUT!$E$2:$E$11000,"Zela") -> 24100 | T29: =SUMIFS(OUT!$F$2:$F$11000,OUT!$H$2:$H$11000,H29,OUT!$D$2:$D$11000,"Out",OUT!$E$2:$E$11000,"Iqbal") -> 121000
A30: =IFERROR(__xludf.DUMMYFUNCTION("""COMPUTED_VALUE"""),46069) -> 46069 | B30: =IFERROR(__xludf.DUMMYFUNCTION("""COMPUTED_VALUE"""),"Bensin") -> Bensin | C30: =IFERROR(__xludf.DUMMYFUNCTION("""COMPUTED_VALUE"""),"Cash") -> Cash | D30: =IFERROR(__xludf.DUMMYFUNCTION("""COMPUTED_VALUE"""),"Out") -> Out | E30: =IFERROR(__xludf.DUMMYFUNCTION("""COMPUTED_VALUE"""),"Mio") -> Mio | F30: =IFERROR(__xludf.DUMMYFUNCTION("""COMPUTED_VALUE"""),24000) -> 24000 | G30: =IFERROR(__xludf.DUMMYFUNCTION("""COMPUTED_VALUE"""),"Ibal") -> Ibal | H30: =IF(A30="","", DATE(YEAR(A30),MONTH(A30),1) ) -> 46054 | I30: =SUMIFS(OUT!$F$2:$F$11000,OUT!$H$2:$H$11000,H30,OUT!$D$2:$D$101007,"In") -> #VALUE! | J30: =SUMIFS(OUT!$F$2:$F$11000,OUT!$H$2:$H$11000,H30,OUT!$D$2:$D$11000,"Out") -> 6908733 | K30: =SUMIFS(OUT!$F$2:$F$11000,OUT!$H$2:$H$11000,H30,OUT!$D$2:$D$11000,"Out",OUT!$E$2:$E$11000,"Fix") -> 2440568 | L30: =SUMIFS(OUT!$F$2:$F$11000,OUT!$H$2:$H$11000,H30,OUT!$D$2:$D$11000,"Out",OUT!$E$2:$E$11000,"Bathroom") -> 34500 | M30: =SUMIFS(OUT!$F$2:$F$11000,OUT!$H$2:$H$11000,H30,OUT!$D$2:$D$11000,"Out",OUT!$E$2:$E$11000,"Alfa") -> 293800 | N30: =SUMIFS(OUT!$F$2:$F$11000,OUT!$H$2:$H$101007,H30,OUT!$D$2:$D$11000,"Out",OUT!$E$2:$E$11000,"Jajan") -> #VALUE! | O30: =SUMIFS(OUT!$F$2:$F$11000,OUT!$H$2:$H$11000,H30,OUT!$D$2:$D$11000,"Out",OUT!$E$2:$E$11000,"Kitchen") -> 992724 | P30: =SUMIFS(OUT!$F$2:$F$11000,OUT!$H$2:$H$11000,H30,OUT!$D$2:$D$11000,"Out",OUT!$E$2:$E$11000,"Loandry") -> 41600 | Q30: =SUMIFS(OUT!$F$2:$F$11000,OUT!$H$2:$H$11000,H30,OUT!$D$2:$D$11000,"Out",OUT!$E$2:$E$11000,"Mio") -> 249000 | R30: =SUMIFS(OUT!$F$2:$F$11000,OUT!$H$2:$H$11000,H30,OUT!$D$2:$D$11000,"Out",OUT!$E$2:$E$11000,"Sedekah") -> 129000 | S30: =SUMIFS(OUT!$F$2:$F$11000,OUT!$H$2:$H$11000,H30,OUT!$D$2:$D$11000,"Out",OUT!$E$2:$E$11000,"Zela") -> 24100 | T30: =SUMIFS(OUT!$F$2:$F$11000,OUT!$H$2:$H$11000,H30,OUT!$D$2:$D$11000,"Out",OUT!$E$2:$E$11000,"Iqbal") -> 121000
A31: =IFERROR(__xludf.DUMMYFUNCTION("""COMPUTED_VALUE"""),46069) -> 46069 | B31: =IFERROR(__xludf.DUMMYFUNCTION("""COMPUTED_VALUE"""),"Molen") -> Molen | C31: =IFERROR(__xludf.DUMMYFUNCTION("""COMPUTED_VALUE"""),"Cash") -> Cash | D31: =IFERROR(__xludf.DUMMYFUNCTION("""COMPUTED_VALUE"""),"Out") -> Out | E31: =IFERROR(__xludf.DUMMYFUNCTION("""COMPUTED_VALUE"""),"Jajan") -> Jajan | F31: =IFERROR(__xludf.DUMMYFUNCTION("""COMPUTED_VALUE"""),15000) -> 15000 | G31: =IFERROR(__xludf.DUMMYFUNCTION("""COMPUTED_VALUE"""),"Ibal") -> Ibal | H31: =IF(A31="","", DATE(YEAR(A31),MONTH(A31),1) ) -> 46054 | I31: =SUMIFS(OUT!$F$2:$F$11000,OUT!$H$2:$H$11000,H31,OUT!$D$2:$D$101007,"In") -> #VALUE! | J31: =SUMIFS(OUT!$F$2:$F$11000,OUT!$H$2:$H$11000,H31,OUT!$D$2:$D$11000,"Out") -> 6908733 | K31: =SUMIFS(OUT!$F$2:$F$11000,OUT!$H$2:$H$11000,H31,OUT!$D$2:$D$11000,"Out",OUT!$E$2:$E$11000,"Fix") -> 2440568 | L31: =SUMIFS(OUT!$F$2:$F$11000,OUT!$H$2:$H$11000,H31,OUT!$D$2:$D$11000,"Out",OUT!$E$2:$E$11000,"Bathroom") -> 34500 | M31: =SUMIFS(OUT!$F$2:$F$11000,OUT!$H$2:$H$11000,H31,OUT!$D$2:$D$11000,"Out",OUT!$E$2:$E$11000,"Alfa") -> 293800 | N31: =SUMIFS(OUT!$F$2:$F$11000,OUT!$H$2:$H$101007,H31,OUT!$D$2:$D$11000,"Out",OUT!$E$2:$E$11000,"Jajan") -> #VALUE! | O31: =SUMIFS(OUT!$F$2:$F$11000,OUT!$H$2:$H$11000,H31,OUT!$D$2:$D$11000,"Out",OUT!$E$2:$E$11000,"Kitchen") -> 992724 | P31: =SUMIFS(OUT!$F$2:$F$11000,OUT!$H$2:$H$11000,H31,OUT!$D$2:$D$11000,"Out",OUT!$E$2:$E$11000,"Loandry") -> 41600 | Q31: =SUMIFS(OUT!$F$2:$F$11000,OUT!$H$2:$H$11000,H31,OUT!$D$2:$D$11000,"Out",OUT!$E$2:$E$11000,"Mio") -> 249000 | R31: =SUMIFS(OUT!$F$2:$F$11000,OUT!$H$2:$H$11000,H31,OUT!$D$2:$D$11000,"Out",OUT!$E$2:$E$11000,"Sedekah") -> 129000 | S31: =SUMIFS(OUT!$F$2:$F$11000,OUT!$H$2:$H$11000,H31,OUT!$D$2:$D$11000,"Out",OUT!$E$2:$E$11000,"Zela") -> 24100 | T31: =SUMIFS(OUT!$F$2:$F$11000,OUT!$H$2:$H$11000,H31,OUT!$D$2:$D$11000,"Out",OUT!$E$2:$E$11000,"Iqbal") -> 121000
A32: =IFERROR(__xludf.DUMMYFUNCTION("""COMPUTED_VALUE"""),46069) -> 46069 | B32: =IFERROR(__xludf.DUMMYFUNCTION("""COMPUTED_VALUE"""),"Semen 2kg") -> Semen 2kg | C32: =IFERROR(__xludf.DUMMYFUNCTION("""COMPUTED_VALUE"""),"Cash") -> Cash | D32: =IFERROR(__xludf.DUMMYFUNCTION("""COMPUTED_VALUE"""),"Out") -> Out | E32: =IFERROR(__xludf.DUMMYFUNCTION("""COMPUTED_VALUE"""),"Bathroom") -> Bathroom | F32: =IFERROR(__xludf.DUMMYFUNCTION("""COMPUTED_VALUE"""),6000) -> 6000 | G32: =IFERROR(__xludf.DUMMYFUNCTION("""COMPUTED_VALUE"""),"Ibal") -> Ibal | H32: =IF(A32="","", DATE(YEAR(A32),MONTH(A32),1) ) -> 46054 | I32: =SUMIFS(OUT!$F$2:$F$11000,OUT!$H$2:$H$11000,H32,OUT!$D$2:$D$101007,"In") -> #VALUE! | J32: =SUMIFS(OUT!$F$2:$F$11000,OUT!$H$2:$H$11000,H32,OUT!$D$2:$D$11000,"Out") -> 6908733 | K32: =SUMIFS(OUT!$F$2:$F$11000,OUT!$H$2:$H$11000,H32,OUT!$D$2:$D$11000,"Out",OUT!$E$2:$E$11000,"Fix") -> 2440568 | L32: =SUMIFS(OUT!$F$2:$F$11000,OUT!$H$2:$H$11000,H32,OUT!$D$2:$D$11000,"Out",OUT!$E$2:$E$11000,"Bathroom") -> 34500 | M32: =SUMIFS(OUT!$F$2:$F$11000,OUT!$H$2:$H$11000,H32,OUT!$D$2:$D$11000,"Out",OUT!$E$2:$E$11000,"Alfa") -> 293800 | N32: =SUMIFS(OUT!$F$2:$F$11000,OUT!$H$2:$H$101007,H32,OUT!$D$2:$D$11000,"Out",OUT!$E$2:$E$11000,"Jajan") -> #VALUE! | O32: =SUMIFS(OUT!$F$2:$F$11000,OUT!$H$2:$H$11000,H32,OUT!$D$2:$D$11000,"Out",OUT!$E$2:$E$11000,"Kitchen") -> 992724 | P32: =SUMIFS(OUT!$F$2:$F$11000,OUT!$H$2:$H$11000,H32,OUT!$D$2:$D$11000,"Out",OUT!$E$2:$E$11000,"Loandry") -> 41600 | Q32: =SUMIFS(OUT!$F$2:$F$11000,OUT!$H$2:$H$11000,H32,OUT!$D$2:$D$11000,"Out",OUT!$E$2:$E$11000,"Mio") -> 249000 | R32: =SUMIFS(OUT!$F$2:$F$11000,OUT!$H$2:$H$11000,H32,OUT!$D$2:$D$11000,"Out",OUT!$E$2:$E$11000,"Sedekah") -> 129000 | S32: =SUMIFS(OUT!$F$2:$F$11000,OUT!$H$2:$H$11000,H32,OUT!$D$2:$D$11000,"Out",OUT!$E$2:$E$11000,"Zela") -> 24100 | T32: =SUMIFS(OUT!$F$2:$F$11000,OUT!$H$2:$H$11000,H32,OUT!$D$2:$D$11000,"Out",OUT!$E$2:$E$11000,"Iqbal") -> 121000
A33: =IFERROR(__xludf.DUMMYFUNCTION("""COMPUTED_VALUE"""),46070) -> 46070 | B33: =IFERROR(__xludf.DUMMYFUNCTION("""COMPUTED_VALUE"""),"Istriku") -> Istriku | C33: =IFERROR(__xludf.DUMMYFUNCTION("""COMPUTED_VALUE"""),"Cash") -> Cash | D33: =IFERROR(__xludf.DUMMYFUNCTION("""COMPUTED_VALUE"""),"Out") -> Out | E33: =IFERROR(__xludf.DUMMYFUNCTION("""COMPUTED_VALUE"""),"Move") -> Move | F33: =IFERROR(__xludf.DUMMYFUNCTION("""COMPUTED_VALUE"""),50000) -> 50000 | G33: =IFERROR(__xludf.DUMMYFUNCTION("""COMPUTED_VALUE"""),"Ibal") -> Ibal | H33: =IF(A33="","", DATE(YEAR(A33),MONTH(A33),1) ) -> 46054 | I33: =SUMIFS(OUT!$F$2:$F$11000,OUT!$H$2:$H$11000,H33,OUT!$D$2:$D$101007,"In") -> #VALUE! | J33: =SUMIFS(OUT!$F$2:$F$11000,OUT!$H$2:$H$11000,H33,OUT!$D$2:$D$11000,"Out") -> 6908733 | K33: =SUMIFS(OUT!$F$2:$F$11000,OUT!$H$2:$H$11000,H33,OUT!$D$2:$D$11000,"Out",OUT!$E$2:$E$11000,"Fix") -> 2440568 | L33: =SUMIFS(OUT!$F$2:$F$11000,OUT!$H$2:$H$11000,H33,OUT!$D$2:$D$11000,"Out",OUT!$E$2:$E$11000,"Bathroom") -> 34500 | M33: =SUMIFS(OUT!$F$2:$F$11000,OUT!$H$2:$H$11000,H33,OUT!$D$2:$D$11000,"Out",OUT!$E$2:$E$11000,"Alfa") -> 293800 | N33: =SUMIFS(OUT!$F$2:$F$11000,OUT!$H$2:$H$101007,H33,OUT!$D$2:$D$11000,"Out",OUT!$E$2:$E$11000,"Jajan") -> #VALUE! | O33: =SUMIFS(OUT!$F$2:$F$11000,OUT!$H$2:$H$11000,H33,OUT!$D$2:$D$11000,"Out",OUT!$E$2:$E$11000,"Kitchen") -> 992724 | P33: =SUMIFS(OUT!$F$2:$F$11000,OUT!$H$2:$H$11000,H33,OUT!$D$2:$D$11000,"Out",OUT!$E$2:$E$11000,"Loandry") -> 41600 | Q33: =SUMIFS(OUT!$F$2:$F$11000,OUT!$H$2:$H$11000,H33,OUT!$D$2:$D$11000,"Out",OUT!$E$2:$E$11000,"Mio") -> 249000 | R33: =SUMIFS(OUT!$F$2:$F$11000,OUT!$H$2:$H$11000,H33,OUT!$D$2:$D$11000,"Out",OUT!$E$2:$E$11000,"Sedekah") -> 129000 | S33: =SUMIFS(OUT!$F$2:$F$11000,OUT!$H$2:$H$11000,H33,OUT!$D$2:$D$11000,"Out",OUT!$E$2:$E$11000,"Zela") -> 24100 | T33: =SUMIFS(OUT!$F$2:$F$11000,OUT!$H$2:$H$11000,H33,OUT!$D$2:$D$11000,"Out",OUT!$E$2:$E$11000,"Iqbal") -> 121000
A34: =IFERROR(__xludf.DUMMYFUNCTION("""COMPUTED_VALUE"""),46071) -> 46071 | B34: =IFERROR(__xludf.DUMMYFUNCTION("""COMPUTED_VALUE"""),"Istriku") -> Istriku | C34: =IFERROR(__xludf.DUMMYFUNCTION("""COMPUTED_VALUE"""),"Cash") -> Cash | D34: =IFERROR(__xludf.DUMMYFUNCTION("""COMPUTED_VALUE"""),"Out") -> Out | E34: =IFERROR(__xludf.DUMMYFUNCTION("""COMPUTED_VALUE"""),"Move") -> Move | F34: =IFERROR(__xludf.DUMMYFUNCTION("""COMPUTED_VALUE"""),5000) -> 5000 | G34: =IFERROR(__xludf.DUMMYFUNCTION("""COMPUTED_VALUE"""),"Ibal") -> Ibal | H34: =IF(A34="","", DATE(YEAR(A34),MONTH(A34),1) ) -> 46054 | I34: =SUMIFS(OUT!$F$2:$F$11000,OUT!$H$2:$H$11000,H34,OUT!$D$2:$D$101007,"In") -> #VALUE! | J34: =SUMIFS(OUT!$F$2:$F$11000,OUT!$H$2:$H$11000,H34,OUT!$D$2:$D$11000,"Out") -> 6908733 | K34: =SUMIFS(OUT!$F$2:$F$11000,OUT!$H$2:$H$11000,H34,OUT!$D$2:$D$11000,"Out",OUT!$E$2:$E$11000,"Fix") -> 2440568 | L34: =SUMIFS(OUT!$F$2:$F$11000,OUT!$H$2:$H$11000,H34,OUT!$D$2:$D$11000,"Out",OUT!$E$2:$E$11000,"Bathroom") -> 34500 | M34: =SUMIFS(OUT!$F$2:$F$11000,OUT!$H$2:$H$11000,H34,OUT!$D$2:$D$11000,"Out",OUT!$E$2:$E$11000,"Alfa") -> 293800 | N34: =SUMIFS(OUT!$F$2:$F$11000,OUT!$H$2:$H$101007,H34,OUT!$D$2:$D$11000,"Out",OUT!$E$2:$E$11000,"Jajan") -> #VALUE! | O34: =SUMIFS(OUT!$F$2:$F$11000,OUT!$H$2:$H$11000,H34,OUT!$D$2:$D$11000,"Out",OUT!$E$2:$E$11000,"Kitchen") -> 992724 | P34: =SUMIFS(OUT!$F$2:$F$11000,OUT!$H$2:$H$11000,H34,OUT!$D$2:$D$11000,"Out",OUT!$E$2:$E$11000,"Loandry") -> 41600 | Q34: =SUMIFS(OUT!$F$2:$F$11000,OUT!$H$2:$H$11000,H34,OUT!$D$2:$D$11000,"Out",OUT!$E$2:$E$11000,"Mio") -> 249000 | R34: =SUMIFS(OUT!$F$2:$F$11000,OUT!$H$2:$H$11000,H34,OUT!$D$2:$D$11000,"Out",OUT!$E$2:$E$11000,"Sedekah") -> 129000 | S34: =SUMIFS(OUT!$F$2:$F$11000,OUT!$H$2:$H$11000,H34,OUT!$D$2:$D$11000,"Out",OUT!$E$2:$E$11000,"Zela") -> 24100 | T34: =SUMIFS(OUT!$F$2:$F$11000,OUT!$H$2:$H$11000,H34,OUT!$D$2:$D$11000,"Out",OUT!$E$2:$E$11000,"Iqbal") -> 121000
A35: =IFERROR(__xludf.DUMMYFUNCTION("""COMPUTED_VALUE"""),46071) -> 46071 | B35: =IFERROR(__xludf.DUMMYFUNCTION("""COMPUTED_VALUE"""),"Istriku") -> Istriku | C35: =IFERROR(__xludf.DUMMYFUNCTION("""COMPUTED_VALUE"""),"ATM") -> ATM | D35: =IFERROR(__xludf.DUMMYFUNCTION("""COMPUTED_VALUE"""),"In") -> In | E35: =IFERROR(__xludf.DUMMYFUNCTION("""COMPUTED_VALUE"""),"Move") -> Move | F35: =IFERROR(__xludf.DUMMYFUNCTION("""COMPUTED_VALUE"""),50000) -> 50000 | G35: =IFERROR(__xludf.DUMMYFUNCTION("""COMPUTED_VALUE"""),"Ibal") -> Ibal | H35: =IF(A35="","", DATE(YEAR(A35),MONTH(A35),1) ) -> 46054 | I35: =SUMIFS(OUT!$F$2:$F$11000,OUT!$H$2:$H$11000,H35,OUT!$D$2:$D$101007,"In") -> #VALUE! | J35: =SUMIFS(OUT!$F$2:$F$11000,OUT!$H$2:$H$11000,H35,OUT!$D$2:$D$11000,"Out") -> 6908733 | K35: =SUMIFS(OUT!$F$2:$F$11000,OUT!$H$2:$H$11000,H35,OUT!$D$2:$D$11000,"Out",OUT!$E$2:$E$11000,"Fix") -> 2440568 | L35: =SUMIFS(OUT!$F$2:$F$11000,OUT!$H$2:$H$11000,H35,OUT!$D$2:$D$11000,"Out",OUT!$E$2:$E$11000,"Bathroom") -> 34500 | M35: =SUMIFS(OUT!$F$2:$F$11000,OUT!$H$2:$H$11000,H35,OUT!$D$2:$D$11000,"Out",OUT!$E$2:$E$11000,"Alfa") -> 293800 | N35: =SUMIFS(OUT!$F$2:$F$11000,OUT!$H$2:$H$101007,H35,OUT!$D$2:$D$11000,"Out",OUT!$E$2:$E$11000,"Jajan") -> #VALUE! | O35: =SUMIFS(OUT!$F$2:$F$11000,OUT!$H$2:$H$11000,H35,OUT!$D$2:$D$11000,"Out",OUT!$E$2:$E$11000,"Kitchen") -> 992724 | P35: =SUMIFS(OUT!$F$2:$F$11000,OUT!$H$2:$H$11000,H35,OUT!$D$2:$D$11000,"Out",OUT!$E$2:$E$11000,"Loandry") -> 41600 | Q35: =SUMIFS(OUT!$F$2:$F$11000,OUT!$H$2:$H$11000,H35,OUT!$D$2:$D$11000,"Out",OUT!$E$2:$E$11000,"Mio") -> 249000 | R35: =SUMIFS(OUT!$F$2:$F$11000,OUT!$H$2:$H$11000,H35,OUT!$D$2:$D$11000,"Out",OUT!$E$2:$E$11000,"Sedekah") -> 129000 | S35: =SUMIFS(OUT!$F$2:$F$11000,OUT!$H$2:$H$11000,H35,OUT!$D$2:$D$11000,"Out",OUT!$E$2:$E$11000,"Zela") -> 24100 | T35: =SUMIFS(OUT!$F$2:$F$11000,OUT!$H$2:$H$11000,H35,OUT!$D$2:$D$11000,"Out",OUT!$E$2:$E$11000,"Iqbal") -> 121000
A36: =IFERROR(__xludf.DUMMYFUNCTION("""COMPUTED_VALUE"""),46071) -> 46071 | B36: =IFERROR(__xludf.DUMMYFUNCTION("""COMPUTED_VALUE"""),"Istriku") -> Istriku | C36: =IFERROR(__xludf.DUMMYFUNCTION("""COMPUTED_VALUE"""),"ATM") -> ATM | D36: =IFERROR(__xludf.DUMMYFUNCTION("""COMPUTED_VALUE"""),"In") -> In | E36: =IFERROR(__xludf.DUMMYFUNCTION("""COMPUTED_VALUE"""),"Move") -> Move | F36: =IFERROR(__xludf.DUMMYFUNCTION("""COMPUTED_VALUE"""),20000) -> 20000 | G36: =IFERROR(__xludf.DUMMYFUNCTION("""COMPUTED_VALUE"""),"Ibal") -> Ibal | H36: =IF(A36="","", DATE(YEAR(A36),MONTH(A36),1) ) -> 46054 | I36: =SUMIFS(OUT!$F$2:$F$11000,OUT!$H$2:$H$11000,H36,OUT!$D$2:$D$101007,"In") -> #VALUE! | J36: =SUMIFS(OUT!$F$2:$F$11000,OUT!$H$2:$H$11000,H36,OUT!$D$2:$D$11000,"Out") -> 6908733 | K36: =SUMIFS(OUT!$F$2:$F$11000,OUT!$H$2:$H$11000,H36,OUT!$D$2:$D$11000,"Out",OUT!$E$2:$E$11000,"Fix") -> 2440568 | L36: =SUMIFS(OUT!$F$2:$F$11000,OUT!$H$2:$H$11000,H36,OUT!$D$2:$D$11000,"Out",OUT!$E$2:$E$11000,"Bathroom") -> 34500 | M36: =SUMIFS(OUT!$F$2:$F$11000,OUT!$H$2:$H$11000,H36,OUT!$D$2:$D$11000,"Out",OUT!$E$2:$E$11000,"Alfa") -> 293800 | N36: =SUMIFS(OUT!$F$2:$F$11000,OUT!$H$2:$H$101007,H36,OUT!$D$2:$D$11000,"Out",OUT!$E$2:$E$11000,"Jajan") -> #VALUE! | O36: =SUMIFS(OUT!$F$2:$F$11000,OUT!$H$2:$H$11000,H36,OUT!$D$2:$D$11000,"Out",OUT!$E$2:$E$11000,"Kitchen") -> 992724 | P36: =SUMIFS(OUT!$F$2:$F$11000,OUT!$H$2:$H$11000,H36,OUT!$D$2:$D$11000,"Out",OUT!$E$2:$E$11000,"Loandry") -> 41600 | Q36: =SUMIFS(OUT!$F$2:$F$11000,OUT!$H$2:$H$11000,H36,OUT!$D$2:$D$11000,"Out",OUT!$E$2:$E$11000,"Mio") -> 249000 | R36: =SUMIFS(OUT!$F$2:$F$11000,OUT!$H$2:$H$11000,H36,OUT!$D$2:$D$11000,"Out",OUT!$E$2:$E$11000,"Sedekah") -> 129000 | S36: =SUMIFS(OUT!$F$2:$F$11000,OUT!$H$2:$H$11000,H36,OUT!$D$2:$D$11000,"Out",OUT!$E$2:$E$11000,"Zela") -> 24100 | T36: =SUMIFS(OUT!$F$2:$F$11000,OUT!$H$2:$H$11000,H36,OUT!$D$2:$D$11000,"Out",OUT!$E$2:$E$11000,"Iqbal") -> 121000
A37: =IFERROR(__xludf.DUMMYFUNCTION("""COMPUTED_VALUE"""),46071) -> 46071 | B37: =IFERROR(__xludf.DUMMYFUNCTION("""COMPUTED_VALUE"""),"Rokok") -> Rokok | C37: =IFERROR(__xludf.DUMMYFUNCTION("""COMPUTED_VALUE"""),"ATM") -> ATM | D37: =IFERROR(__xludf.DUMMYFUNCTION("""COMPUTED_VALUE"""),"Out") -> Out | E37: =IFERROR(__xludf.DUMMYFUNCTION("""COMPUTED_VALUE"""),"Iqbal") -> Iqbal | F37: =IFERROR(__xludf.DUMMYFUNCTION("""COMPUTED_VALUE"""),15000) -> 15000 | G37: =IFERROR(__xludf.DUMMYFUNCTION("""COMPUTED_VALUE"""),"Ibal") -> Ibal | H37: =IF(A37="","", DATE(YEAR(A37),MONTH(A37),1) ) -> 46054 | I37: =SUMIFS(OUT!$F$2:$F$11000,OUT!$H$2:$H$11000,H37,OUT!$D$2:$D$101007,"In") -> #VALUE! | J37: =SUMIFS(OUT!$F$2:$F$11000,OUT!$H$2:$H$11000,H37,OUT!$D$2:$D$11000,"Out") -> 6908733 | K37: =SUMIFS(OUT!$F$2:$F$11000,OUT!$H$2:$H$11000,H37,OUT!$D$2:$D$11000,"Out",OUT!$E$2:$E$11000,"Fix") -> 2440568 | L37: =SUMIFS(OUT!$F$2:$F$11000,OUT!$H$2:$H$11000,H37,OUT!$D$2:$D$11000,"Out",OUT!$E$2:$E$11000,"Bathroom") -> 34500 | M37: =SUMIFS(OUT!$F$2:$F$11000,OUT!$H$2:$H$11000,H37,OUT!$D$2:$D$11000,"Out",OUT!$E$2:$E$11000,"Alfa") -> 293800 | N37: =SUMIFS(OUT!$F$2:$F$11000,OUT!$H$2:$H$101007,H37,OUT!$D$2:$D$11000,"Out",OUT!$E$2:$E$11000,"Jajan") -> #VALUE! | O37: =SUMIFS(OUT!$F$2:$F$11000,OUT!$H$2:$H$11000,H37,OUT!$D$2:$D$11000,"Out",OUT!$E$2:$E$11000,"Kitchen") -> 992724 | P37: =SUMIFS(OUT!$F$2:$F$11000,OUT!$H$2:$H$11000,H37,OUT!$D$2:$D$11000,"Out",OUT!$E$2:$E$11000,"Loandry") -> 41600 | Q37: =SUMIFS(OUT!$F$2:$F$11000,OUT!$H$2:$H$11000,H37,OUT!$D$2:$D$11000,"Out",OUT!$E$2:$E$11000,"Mio") -> 249000 | R37: =SUMIFS(OUT!$F$2:$F$11000,OUT!$H$2:$H$11000,H37,OUT!$D$2:$D$11000,"Out",OUT!$E$2:$E$11000,"Sedekah") -> 129000 | S37: =SUMIFS(OUT!$F$2:$F$11000,OUT!$H$2:$H$11000,H37,OUT!$D$2:$D$11000,"Out",OUT!$E$2:$E$11000,"Zela") -> 24100 | T37: =SUMIFS(OUT!$F$2:$F$11000,OUT!$H$2:$H$11000,H37,OUT!$D$2:$D$11000,"Out",OUT!$E$2:$E$11000,"Iqbal") -> 121000
A38: =IFERROR(__xludf.DUMMYFUNCTION("""COMPUTED_VALUE"""),46071) -> 46071 | B38: =IFERROR(__xludf.DUMMYFUNCTION("""COMPUTED_VALUE"""),"Mancis") -> Mancis | C38: =IFERROR(__xludf.DUMMYFUNCTION("""COMPUTED_VALUE"""),"ATM") -> ATM | D38: =IFERROR(__xludf.DUMMYFUNCTION("""COMPUTED_VALUE"""),"Out") -> Out | E38: =IFERROR(__xludf.DUMMYFUNCTION("""COMPUTED_VALUE"""),"Iqbal") -> Iqbal | F38: =IFERROR(__xludf.DUMMYFUNCTION("""COMPUTED_VALUE"""),2000) -> 2000 | G38: =IFERROR(__xludf.DUMMYFUNCTION("""COMPUTED_VALUE"""),"Ibal") -> Ibal | H38: =IF(A38="","", DATE(YEAR(A38),MONTH(A38),1) ) -> 46054 | I38: =SUMIFS(OUT!$F$2:$F$11000,OUT!$H$2:$H$11000,H38,OUT!$D$2:$D$101007,"In") -> #VALUE! | J38: =SUMIFS(OUT!$F$2:$F$11000,OUT!$H$2:$H$11000,H38,OUT!$D$2:$D$11000,"Out") -> 6908733 | K38: =SUMIFS(OUT!$F$2:$F$11000,OUT!$H$2:$H$11000,H38,OUT!$D$2:$D$11000,"Out",OUT!$E$2:$E$11000,"Fix") -> 2440568 | L38: =SUMIFS(OUT!$F$2:$F$11000,OUT!$H$2:$H$11000,H38,OUT!$D$2:$D$11000,"Out",OUT!$E$2:$E$11000,"Bathroom") -> 34500 | M38: =SUMIFS(OUT!$F$2:$F$11000,OUT!$H$2:$H$11000,H38,OUT!$D$2:$D$11000,"Out",OUT!$E$2:$E$11000,"Alfa") -> 293800 | N38: =SUMIFS(OUT!$F$2:$F$11000,OUT!$H$2:$H$101007,H38,OUT!$D$2:$D$11000,"Out",OUT!$E$2:$E$11000,"Jajan") -> #VALUE! | O38: =SUMIFS(OUT!$F$2:$F$11000,OUT!$H$2:$H$11000,H38,OUT!$D$2:$D$11000,"Out",OUT!$E$2:$E$11000,"Kitchen") -> 992724 | P38: =SUMIFS(OUT!$F$2:$F$11000,OUT!$H$2:$H$11000,H38,OUT!$D$2:$D$11000,"Out",OUT!$E$2:$E$11000,"Loandry") -> 41600 | Q38: =SUMIFS(OUT!$F$2:$F$11000,OUT!$H$2:$H$11000,H38,OUT!$D$2:$D$11000,"Out",OUT!$E$2:$E$11000,"Mio") -> 249000 | R38: =SUMIFS(OUT!$F$2:$F$11000,OUT!$H$2:$H$11000,H38,OUT!$D$2:$D$11000,"Out",OUT!$E$2:$E$11000,"Sedekah") -> 129000 | S38: =SUMIFS(OUT!$F$2:$F$11000,OUT!$H$2:$H$11000,H38,OUT!$D$2:$D$11000,"Out",OUT!$E$2:$E$11000,"Zela") -> 24100 | T38: =SUMIFS(OUT!$F$2:$F$11000,OUT!$H$2:$H$11000,H38,OUT!$D$2:$D$11000,"Out",OUT!$E$2:$E$11000,"Iqbal") -> 121000
A39: =IFERROR(__xludf.DUMMYFUNCTION("""COMPUTED_VALUE"""),46072) -> 46072 | B39: =IFERROR(__xludf.DUMMYFUNCTION("""COMPUTED_VALUE"""),"Tarik tunai") -> Tarik tunai | C39: =IFERROR(__xludf.DUMMYFUNCTION("""COMPUTED_VALUE"""),"ATM") -> ATM | D39: =IFERROR(__xludf.DUMMYFUNCTION("""COMPUTED_VALUE"""),"Move") -> Move | E39: =IFERROR(__xludf.DUMMYFUNCTION("""COMPUTED_VALUE"""),"Move") -> Move | F39: =IFERROR(__xludf.DUMMYFUNCTION("""COMPUTED_VALUE"""),100000) -> 100000 | G39: =IFERROR(__xludf.DUMMYFUNCTION("""COMPUTED_VALUE"""),"Ibal") -> Ibal | H39: =IF(A39="","", DATE(YEAR(A39),MONTH(A39),1) ) -> 46054 | I39: =SUMIFS(OUT!$F$2:$F$11000,OUT!$H$2:$H$11000,H39,OUT!$D$2:$D$101007,"In") -> #VALUE! | J39: =SUMIFS(OUT!$F$2:$F$11000,OUT!$H$2:$H$11000,H39,OUT!$D$2:$D$11000,"Out") -> 6908733 | K39: =SUMIFS(OUT!$F$2:$F$11000,OUT!$H$2:$H$11000,H39,OUT!$D$2:$D$11000,"Out",OUT!$E$2:$E$11000,"Fix") -> 2440568 | L39: =SUMIFS(OUT!$F$2:$F$11000,OUT!$H$2:$H$11000,H39,OUT!$D$2:$D$11000,"Out",OUT!$E$2:$E$11000,"Bathroom") -> 34500 | M39: =SUMIFS(OUT!$F$2:$F$11000,OUT!$H$2:$H$11000,H39,OUT!$D$2:$D$11000,"Out",OUT!$E$2:$E$11000,"Alfa") -> 293800 | N39: =SUMIFS(OUT!$F$2:$F$11000,OUT!$H$2:$H$101007,H39,OUT!$D$2:$D$11000,"Out",OUT!$E$2:$E$11000,"Jajan") -> #VALUE! | O39: =SUMIFS(OUT!$F$2:$F$11000,OUT!$H$2:$H$11000,H39,OUT!$D$2:$D$11000,"Out",OUT!$E$2:$E$11000,"Kitchen") -> 992724 | P39: =SUMIFS(OUT!$F$2:$F$11000,OUT!$H$2:$H$11000,H39,OUT!$D$2:$D$11000,"Out",OUT!$E$2:$E$11000,"Loandry") -> 41600 | Q39: =SUMIFS(OUT!$F$2:$F$11000,OUT!$H$2:$H$11000,H39,OUT!$D$2:$D$11000,"Out",OUT!$E$2:$E$11000,"Mio") -> 249000 | R39: =SUMIFS(OUT!$F$2:$F$11000,OUT!$H$2:$H$11000,H39,OUT!$D$2:$D$11000,"Out",OUT!$E$2:$E$11000,"Sedekah") -> 129000 | S39: =SUMIFS(OUT!$F$2:$F$11000,OUT!$H$2:$H$11000,H39,OUT!$D$2:$D$11000,"Out",OUT!$E$2:$E$11000,"Zela") -> 24100 | T39: =SUMIFS(OUT!$F$2:$F$11000,OUT!$H$2:$H$11000,H39,OUT!$D$2:$D$11000,"Out",OUT!$E$2:$E$11000,"Iqbal") -> 121000
A40: =IFERROR(__xludf.DUMMYFUNCTION("""COMPUTED_VALUE"""),46072) -> 46072 | B40: =IFERROR(__xludf.DUMMYFUNCTION("""COMPUTED_VALUE"""),"Terima tunai") -> Terima tunai | C40: =IFERROR(__xludf.DUMMYFUNCTION("""COMPUTED_VALUE"""),"Cash") -> Cash | D40: =IFERROR(__xludf.DUMMYFUNCTION("""COMPUTED_VALUE"""),"Move") -> Move | E40: =IFERROR(__xludf.DUMMYFUNCTION("""COMPUTED_VALUE"""),"Move") -> Move | F40: =IFERROR(__xludf.DUMMYFUNCTION("""COMPUTED_VALUE"""),100000) -> 100000 | G40: =IFERROR(__xludf.DUMMYFUNCTION("""COMPUTED_VALUE"""),"Ibal") -> Ibal | H40: =IF(A40="","", DATE(YEAR(A40),MONTH(A40),1) ) -> 46054 | I40: =SUMIFS(OUT!$F$2:$F$11000,OUT!$H$2:$H$11000,H40,OUT!$D$2:$D$101007,"In") -> #VALUE! | J40: =SUMIFS(OUT!$F$2:$F$11000,OUT!$H$2:$H$11000,H40,OUT!$D$2:$D$11000,"Out") -> 6908733 | K40: =SUMIFS(OUT!$F$2:$F$11000,OUT!$H$2:$H$11000,H40,OUT!$D$2:$D$11000,"Out",OUT!$E$2:$E$11000,"Fix") -> 2440568 | L40: =SUMIFS(OUT!$F$2:$F$11000,OUT!$H$2:$H$11000,H40,OUT!$D$2:$D$11000,"Out",OUT!$E$2:$E$11000,"Bathroom") -> 34500 | M40: =SUMIFS(OUT!$F$2:$F$11000,OUT!$H$2:$H$11000,H40,OUT!$D$2:$D$11000,"Out",OUT!$E$2:$E$11000,"Alfa") -> 293800 | N40: =SUMIFS(OUT!$F$2:$F$11000,OUT!$H$2:$H$101007,H40,OUT!$D$2:$D$11000,"Out",OUT!$E$2:$E$11000,"Jajan") -> #VALUE! | O40: =SUMIFS(OUT!$F$2:$F$11000,OUT!$H$2:$H$11000,H40,OUT!$D$2:$D$11000,"Out",OUT!$E$2:$E$11000,"Kitchen") -> 992724 | P40: =SUMIFS(OUT!$F$2:$F$11000,OUT!$H$2:$H$11000,H40,OUT!$D$2:$D$11000,"Out",OUT!$E$2:$E$11000,"Loandry") -> 41600 | Q40: =SUMIFS(OUT!$F$2:$F$11000,OUT!$H$2:$H$11000,H40,OUT!$D$2:$D$11000,"Out",OUT!$E$2:$E$11000,"Mio") -> 249000 | R40: =SUMIFS(OUT!$F$2:$F$11000,OUT!$H$2:$H$11000,H40,OUT!$D$2:$D$11000,"Out",OUT!$E$2:$E$11000,"Sedekah") -> 129000 | S40: =SUMIFS(OUT!$F$2:$F$11000,OUT!$H$2:$H$11000,H40,OUT!$D$2:$D$11000,"Out",OUT!$E$2:$E$11000,"Zela") -> 24100 | T40: =SUMIFS(OUT!$F$2:$F$11000,OUT!$H$2:$H$11000,H40,OUT!$D$2:$D$11000,"Out",OUT!$E$2:$E$11000,"Iqbal") -> 121000
A41: =IFERROR(__xludf.DUMMYFUNCTION("""COMPUTED_VALUE"""),46072) -> 46072 | B41: =IFERROR(__xludf.DUMMYFUNCTION("""COMPUTED_VALUE"""),"Bensin Mio - Pertamax 92") -> Bensin Mio - Pertamax 92 | C41: =IFERROR(__xludf.DUMMYFUNCTION("""COMPUTED_VALUE"""),"Cash") -> Cash | D41: =IFERROR(__xludf.DUMMYFUNCTION("""COMPUTED_VALUE"""),"Out") -> Out | E41: =IFERROR(__xludf.DUMMYFUNCTION("""COMPUTED_VALUE"""),"Mio") -> Mio | F41: =IFERROR(__xludf.DUMMYFUNCTION("""COMPUTED_VALUE"""),30000) -> 30000 | G41: =IFERROR(__xludf.DUMMYFUNCTION("""COMPUTED_VALUE"""),"Ibal") -> Ibal | H41: =IF(A41="","", DATE(YEAR(A41),MONTH(A41),1) ) -> 46054 | I41: =SUMIFS(OUT!$F$2:$F$11000,OUT!$H$2:$H$11000,H41,OUT!$D$2:$D$101007,"In") -> #VALUE! | J41: =SUMIFS(OUT!$F$2:$F$11000,OUT!$H$2:$H$11000,H41,OUT!$D$2:$D$11000,"Out") -> 6908733 | K41: =SUMIFS(OUT!$F$2:$F$11000,OUT!$H$2:$H$11000,H41,OUT!$D$2:$D$11000,"Out",OUT!$E$2:$E$11000,"Fix") -> 2440568 | L41: =SUMIFS(OUT!$F$2:$F$11000,OUT!$H$2:$H$11000,H41,OUT!$D$2:$D$11000,"Out",OUT!$E$2:$E$11000,"Bathroom") -> 34500 | M41: =SUMIFS(OUT!$F$2:$F$11000,OUT!$H$2:$H$11000,H41,OUT!$D$2:$D$11000,"Out",OUT!$E$2:$E$11000,"Alfa") -> 293800 | N41: =SUMIFS(OUT!$F$2:$F$11000,OUT!$H$2:$H$101007,H41,OUT!$D$2:$D$11000,"Out",OUT!$E$2:$E$11000,"Jajan") -> #VALUE! | O41: =SUMIFS(OUT!$F$2:$F$11000,OUT!$H$2:$H$11000,H41,OUT!$D$2:$D$11000,"Out",OUT!$E$2:$E$11000,"Kitchen") -> 992724 | P41: =SUMIFS(OUT!$F$2:$F$11000,OUT!$H$2:$H$11000,H41,OUT!$D$2:$D$11000,"Out",OUT!$E$2:$E$11000,"Loandry") -> 41600 | Q41: =SUMIFS(OUT!$F$2:$F$11000,OUT!$H$2:$H$11000,H41,OUT!$D$2:$D$11000,"Out",OUT!$E$2:$E$11000,"Mio") -> 249000 | R41: =SUMIFS(OUT!$F$2:$F$11000,OUT!$H$2:$H$11000,H41,OUT!$D$2:$D$11000,"Out",OUT!$E$2:$E$11000,"Sedekah") -> 129000 | S41: =SUMIFS(OUT!$F$2:$F$11000,OUT!$H$2:$H$11000,H41,OUT!$D$2:$D$11000,"Out",OUT!$E$2:$E$11000,"Zela") -> 24100 | T41: =SUMIFS(OUT!$F$2:$F$11000,OUT!$H$2:$H$11000,H41,OUT!$D$2:$D$11000,"Out",OUT!$E$2:$E$11000,"Iqbal") -> 121000
A42: =IFERROR(__xludf.DUMMYFUNCTION("""COMPUTED_VALUE"""),46072) -> 46072 | B42: =IFERROR(__xludf.DUMMYFUNCTION("""COMPUTED_VALUE"""),"Teh telor") -> Teh telor | C42: =IFERROR(__xludf.DUMMYFUNCTION("""COMPUTED_VALUE"""),"Cash") -> Cash | D42: =IFERROR(__xludf.DUMMYFUNCTION("""COMPUTED_VALUE"""),"Out") -> Out | E42: =IFERROR(__xludf.DUMMYFUNCTION("""COMPUTED_VALUE"""),"Jajan") -> Jajan | F42: =IFERROR(__xludf.DUMMYFUNCTION("""COMPUTED_VALUE"""),11000) -> 11000 | G42: =IFERROR(__xludf.DUMMYFUNCTION("""COMPUTED_VALUE"""),"Ibal") -> Ibal | H42: =IF(A42="","", DATE(YEAR(A42),MONTH(A42),1) ) -> 46054 | I42: =SUMIFS(OUT!$F$2:$F$11000,OUT!$H$2:$H$11000,H42,OUT!$D$2:$D$101007,"In") -> #VALUE! | J42: =SUMIFS(OUT!$F$2:$F$11000,OUT!$H$2:$H$11000,H42,OUT!$D$2:$D$11000,"Out") -> 6908733 | K42: =SUMIFS(OUT!$F$2:$F$11000,OUT!$H$2:$H$11000,H42,OUT!$D$2:$D$11000,"Out",OUT!$E$2:$E$11000,"Fix") -> 2440568 | L42: =SUMIFS(OUT!$F$2:$F$11000,OUT!$H$2:$H$11000,H42,OUT!$D$2:$D$11000,"Out",OUT!$E$2:$E$11000,"Bathroom") -> 34500 | M42: =SUMIFS(OUT!$F$2:$F$11000,OUT!$H$2:$H$11000,H42,OUT!$D$2:$D$11000,"Out",OUT!$E$2:$E$11000,"Alfa") -> 293800 | N42: =SUMIFS(OUT!$F$2:$F$11000,OUT!$H$2:$H$101007,H42,OUT!$D$2:$D$11000,"Out",OUT!$E$2:$E$11000,"Jajan") -> #VALUE! | O42: =SUMIFS(OUT!$F$2:$F$11000,OUT!$H$2:$H$11000,H42,OUT!$D$2:$D$11000,"Out",OUT!$E$2:$E$11000,"Kitchen") -> 992724 | P42: =SUMIFS(OUT!$F$2:$F$11000,OUT!$H$2:$H$11000,H42,OUT!$D$2:$D$11000,"Out",OUT!$E$2:$E$11000,"Loandry") -> 41600 | Q42: =SUMIFS(OUT!$F$2:$F$11000,OUT!$H$2:$H$11000,H42,OUT!$D$2:$D$11000,"Out",OUT!$E$2:$E$11000,"Mio") -> 249000 | R42: =SUMIFS(OUT!$F$2:$F$11000,OUT!$H$2:$H$11000,H42,OUT!$D$2:$D$11000,"Out",OUT!$E$2:$E$11000,"Sedekah") -> 129000 | S42: =SUMIFS(OUT!$F$2:$F$11000,OUT!$H$2:$H$11000,H42,OUT!$D$2:$D$11000,"Out",OUT!$E$2:$E$11000,"Zela") -> 24100 | T42: =SUMIFS(OUT!$F$2:$F$11000,OUT!$H$2:$H$11000,H42,OUT!$D$2:$D$11000,"Out",OUT!$E$2:$E$11000,"Iqbal") -> 121000
A43: =IFERROR(__xludf.DUMMYFUNCTION("""COMPUTED_VALUE"""),46073) -> 46073 | B43: =IFERROR(__xludf.DUMMYFUNCTION("""COMPUTED_VALUE"""),"Infaq") -> Infaq | C43: =IFERROR(__xludf.DUMMYFUNCTION("""COMPUTED_VALUE"""),"Cash") -> Cash | D43: =IFERROR(__xludf.DUMMYFUNCTION("""COMPUTED_VALUE"""),"Out") -> Out | E43: =IFERROR(__xludf.DUMMYFUNCTION("""COMPUTED_VALUE"""),"Sedekah") -> Sedekah | F43: =IFERROR(__xludf.DUMMYFUNCTION("""COMPUTED_VALUE"""),9000) -> 9000 | G43: =IFERROR(__xludf.DUMMYFUNCTION("""COMPUTED_VALUE"""),"Ibal") -> Ibal | H43: =IF(A43="","", DATE(YEAR(A43),MONTH(A43),1) ) -> 46054 | I43: =SUMIFS(OUT!$F$2:$F$11000,OUT!$H$2:$H$11000,H43,OUT!$D$2:$D$101007,"In") -> #VALUE! | J43: =SUMIFS(OUT!$F$2:$F$11000,OUT!$H$2:$H$11000,H43,OUT!$D$2:$D$11000,"Out") -> 6908733 | K43: =SUMIFS(OUT!$F$2:$F$11000,OUT!$H$2:$H$11000,H43,OUT!$D$2:$D$11000,"Out",OUT!$E$2:$E$11000,"Fix") -> 2440568 | L43: =SUMIFS(OUT!$F$2:$F$11000,OUT!$H$2:$H$11000,H43,OUT!$D$2:$D$11000,"Out",OUT!$E$2:$E$11000,"Bathroom") -> 34500 | M43: =SUMIFS(OUT!$F$2:$F$11000,OUT!$H$2:$H$11000,H43,OUT!$D$2:$D$11000,"Out",OUT!$E$2:$E$11000,"Alfa") -> 293800 | N43: =SUMIFS(OUT!$F$2:$F$11000,OUT!$H$2:$H$101007,H43,OUT!$D$2:$D$11000,"Out",OUT!$E$2:$E$11000,"Jajan") -> #VALUE! | O43: =SUMIFS(OUT!$F$2:$F$11000,OUT!$H$2:$H$11000,H43,OUT!$D$2:$D$11000,"Out",OUT!$E$2:$E$11000,"Kitchen") -> 992724 | P43: =SUMIFS(OUT!$F$2:$F$11000,OUT!$H$2:$H$11000,H43,OUT!$D$2:$D$11000,"Out",OUT!$E$2:$E$11000,"Loandry") -> 41600 | Q43: =SUMIFS(OUT!$F$2:$F$11000,OUT!$H$2:$H$11000,H43,OUT!$D$2:$D$11000,"Out",OUT!$E$2:$E$11000,"Mio") -> 249000 | R43: =SUMIFS(OUT!$F$2:$F$11000,OUT!$H$2:$H$11000,H43,OUT!$D$2:$D$11000,"Out",OUT!$E$2:$E$11000,"Sedekah") -> 129000 | S43: =SUMIFS(OUT!$F$2:$F$11000,OUT!$H$2:$H$11000,H43,OUT!$D$2:$D$11000,"Out",OUT!$E$2:$E$11000,"Zela") -> 24100 | T43: =SUMIFS(OUT!$F$2:$F$11000,OUT!$H$2:$H$11000,H43,OUT!$D$2:$D$11000,"Out",OUT!$E$2:$E$11000,"Iqbal") -> 121000
A44: =IFERROR(__xludf.DUMMYFUNCTION("""COMPUTED_VALUE"""),46073) -> 46073 | B44: =IFERROR(__xludf.DUMMYFUNCTION("""COMPUTED_VALUE"""),"Admin fee") -> Admin fee | C44: =IFERROR(__xludf.DUMMYFUNCTION("""COMPUTED_VALUE"""),"ATM") -> ATM | D44: =IFERROR(__xludf.DUMMYFUNCTION("""COMPUTED_VALUE"""),"Out") -> Out | E44: =IFERROR(__xludf.DUMMYFUNCTION("""COMPUTED_VALUE"""),"Fix") -> Fix | F44: =IFERROR(__xludf.DUMMYFUNCTION("""COMPUTED_VALUE"""),6000) -> 6000 | G44: =IFERROR(__xludf.DUMMYFUNCTION("""COMPUTED_VALUE"""),"Ibal") -> Ibal | H44: =IF(A44="","", DATE(YEAR(A44),MONTH(A44),1) ) -> 46054 | I44: =SUMIFS(OUT!$F$2:$F$11000,OUT!$H$2:$H$11000,H44,OUT!$D$2:$D$101007,"In") -> #VALUE! | J44: =SUMIFS(OUT!$F$2:$F$11000,OUT!$H$2:$H$11000,H44,OUT!$D$2:$D$11000,"Out") -> 6908733 | K44: =SUMIFS(OUT!$F$2:$F$11000,OUT!$H$2:$H$11000,H44,OUT!$D$2:$D$11000,"Out",OUT!$E$2:$E$11000,"Fix") -> 2440568 | L44: =SUMIFS(OUT!$F$2:$F$11000,OUT!$H$2:$H$11000,H44,OUT!$D$2:$D$11000,"Out",OUT!$E$2:$E$11000,"Bathroom") -> 34500 | M44: =SUMIFS(OUT!$F$2:$F$11000,OUT!$H$2:$H$11000,H44,OUT!$D$2:$D$11000,"Out",OUT!$E$2:$E$11000,"Alfa") -> 293800 | N44: =SUMIFS(OUT!$F$2:$F$11000,OUT!$H$2:$H$101007,H44,OUT!$D$2:$D$11000,"Out",OUT!$E$2:$E$11000,"Jajan") -> #VALUE! | O44: =SUMIFS(OUT!$F$2:$F$11000,OUT!$H$2:$H$11000,H44,OUT!$D$2:$D$11000,"Out",OUT!$E$2:$E$11000,"Kitchen") -> 992724 | P44: =SUMIFS(OUT!$F$2:$F$11000,OUT!$H$2:$H$11000,H44,OUT!$D$2:$D$11000,"Out",OUT!$E$2:$E$11000,"Loandry") -> 41600 | Q44: =SUMIFS(OUT!$F$2:$F$11000,OUT!$H$2:$H$11000,H44,OUT!$D$2:$D$11000,"Out",OUT!$E$2:$E$11000,"Mio") -> 249000 | R44: =SUMIFS(OUT!$F$2:$F$11000,OUT!$H$2:$H$11000,H44,OUT!$D$2:$D$11000,"Out",OUT!$E$2:$E$11000,"Sedekah") -> 129000 | S44: =SUMIFS(OUT!$F$2:$F$11000,OUT!$H$2:$H$11000,H44,OUT!$D$2:$D$11000,"Out",OUT!$E$2:$E$11000,"Zela") -> 24100 | T44: =SUMIFS(OUT!$F$2:$F$11000,OUT!$H$2:$H$11000,H44,OUT!$D$2:$D$11000,"Out",OUT!$E$2:$E$11000,"Iqbal") -> 121000
A45: =IFERROR(__xludf.DUMMYFUNCTION("""COMPUTED_VALUE"""),46074) -> 46074 | B45: =IFERROR(__xludf.DUMMYFUNCTION("""COMPUTED_VALUE"""),"Istriku") -> Istriku | C45: =IFERROR(__xludf.DUMMYFUNCTION("""COMPUTED_VALUE"""),"ATM") -> ATM | D45: =IFERROR(__xludf.DUMMYFUNCTION("""COMPUTED_VALUE"""),"In") -> In | E45: =IFERROR(__xludf.DUMMYFUNCTION("""COMPUTED_VALUE"""),"Move") -> Move | F45: =IFERROR(__xludf.DUMMYFUNCTION("""COMPUTED_VALUE"""),20000) -> 20000 | G45: =IFERROR(__xludf.DUMMYFUNCTION("""COMPUTED_VALUE"""),"Ibal") -> Ibal | H45: =IF(A45="","", DATE(YEAR(A45),MONTH(A45),1) ) -> 46054 | I45: =SUMIFS(OUT!$F$2:$F$11000,OUT!$H$2:$H$11000,H45,OUT!$D$2:$D$101007,"In") -> #VALUE! | J45: =SUMIFS(OUT!$F$2:$F$11000,OUT!$H$2:$H$11000,H45,OUT!$D$2:$D$11000,"Out") -> 6908733 | K45: =SUMIFS(OUT!$F$2:$F$11000,OUT!$H$2:$H$11000,H45,OUT!$D$2:$D$11000,"Out",OUT!$E$2:$E$11000,"Fix") -> 2440568 | L45: =SUMIFS(OUT!$F$2:$F$11000,OUT!$H$2:$H$11000,H45,OUT!$D$2:$D$11000,"Out",OUT!$E$2:$E$11000,"Bathroom") -> 34500 | M45: =SUMIFS(OUT!$F$2:$F$11000,OUT!$H$2:$H$11000,H45,OUT!$D$2:$D$11000,"Out",OUT!$E$2:$E$11000,"Alfa") -> 293800 | N45: =SUMIFS(OUT!$F$2:$F$11000,OUT!$H$2:$H$101007,H45,OUT!$D$2:$D$11000,"Out",OUT!$E$2:$E$11000,"Jajan") -> #VALUE! | O45: =SUMIFS(OUT!$F$2:$F$11000,OUT!$H$2:$H$11000,H45,OUT!$D$2:$D$11000,"Out",OUT!$E$2:$E$11000,"Kitchen") -> 992724 | P45: =SUMIFS(OUT!$F$2:$F$11000,OUT!$H$2:$H$11000,H45,OUT!$D$2:$D$11000,"Out",OUT!$E$2:$E$11000,"Loandry") -> 41600 | Q45: =SUMIFS(OUT!$F$2:$F$11000,OUT!$H$2:$H$11000,H45,OUT!$D$2:$D$11000,"Out",OUT!$E$2:$E$11000,"Mio") -> 249000 | R45: =SUMIFS(OUT!$F$2:$F$11000,OUT!$H$2:$H$11000,H45,OUT!$D$2:$D$11000,"Out",OUT!$E$2:$E$11000,"Sedekah") -> 129000 | S45: =SUMIFS(OUT!$F$2:$F$11000,OUT!$H$2:$H$11000,H45,OUT!$D$2:$D$11000,"Out",OUT!$E$2:$E$11000,"Zela") -> 24100 | T45: =SUMIFS(OUT!$F$2:$F$11000,OUT!$H$2:$H$11000,H45,OUT!$D$2:$D$11000,"Out",OUT!$E$2:$E$11000,"Iqbal") -> 121000
A46: =IFERROR(__xludf.DUMMYFUNCTION("""COMPUTED_VALUE"""),46077) -> 46077 | B46: =IFERROR(__xludf.DUMMYFUNCTION("""COMPUTED_VALUE"""),"Istriku") -> Istriku | C46: =IFERROR(__xludf.DUMMYFUNCTION("""COMPUTED_VALUE"""),"ATM") -> ATM | D46: =IFERROR(__xludf.DUMMYFUNCTION("""COMPUTED_VALUE"""),"Out") -> Out | E46: =IFERROR(__xludf.DUMMYFUNCTION("""COMPUTED_VALUE"""),"Move") -> Move | F46: =IFERROR(__xludf.DUMMYFUNCTION("""COMPUTED_VALUE"""),39000) -> 39000 | G46: =IFERROR(__xludf.DUMMYFUNCTION("""COMPUTED_VALUE"""),"Ibal") -> Ibal | H46: =IF(A46="","", DATE(YEAR(A46),MONTH(A46),1) ) -> 46054 | I46: =SUMIFS(OUT!$F$2:$F$11000,OUT!$H$2:$H$11000,H46,OUT!$D$2:$D$101007,"In") -> #VALUE! | J46: =SUMIFS(OUT!$F$2:$F$11000,OUT!$H$2:$H$11000,H46,OUT!$D$2:$D$11000,"Out") -> 6908733 | K46: =SUMIFS(OUT!$F$2:$F$11000,OUT!$H$2:$H$11000,H46,OUT!$D$2:$D$11000,"Out",OUT!$E$2:$E$11000,"Fix") -> 2440568 | L46: =SUMIFS(OUT!$F$2:$F$11000,OUT!$H$2:$H$11000,H46,OUT!$D$2:$D$11000,"Out",OUT!$E$2:$E$11000,"Bathroom") -> 34500 | M46: =SUMIFS(OUT!$F$2:$F$11000,OUT!$H$2:$H$11000,H46,OUT!$D$2:$D$11000,"Out",OUT!$E$2:$E$11000,"Alfa") -> 293800 | N46: =SUMIFS(OUT!$F$2:$F$11000,OUT!$H$2:$H$101007,H46,OUT!$D$2:$D$11000,"Out",OUT!$E$2:$E$11000,"Jajan") -> #VALUE! | O46: =SUMIFS(OUT!$F$2:$F$11000,OUT!$H$2:$H$11000,H46,OUT!$D$2:$D$11000,"Out",OUT!$E$2:$E$11000,"Kitchen") -> 992724 | P46: =SUMIFS(OUT!$F$2:$F$11000,OUT!$H$2:$H$11000,H46,OUT!$D$2:$D$11000,"Out",OUT!$E$2:$E$11000,"Loandry") -> 41600 | Q46: =SUMIFS(OUT!$F$2:$F$11000,OUT!$H$2:$H$11000,H46,OUT!$D$2:$D$11000,"Out",OUT!$E$2:$E$11000,"Mio") -> 249000 | R46: =SUMIFS(OUT!$F$2:$F$11000,OUT!$H$2:$H$11000,H46,OUT!$D$2:$D$11000,"Out",OUT!$E$2:$E$11000,"Sedekah") -> 129000 | S46: =SUMIFS(OUT!$F$2:$F$11000,OUT!$H$2:$H$11000,H46,OUT!$D$2:$D$11000,"Out",OUT!$E$2:$E$11000,"Zela") -> 24100 | T46: =SUMIFS(OUT!$F$2:$F$11000,OUT!$H$2:$H$11000,H46,OUT!$D$2:$D$11000,"Out",OUT!$E$2:$E$11000,"Iqbal") -> 121000
A47: =IFERROR(__xludf.DUMMYFUNCTION("""COMPUTED_VALUE"""),46078) -> 46078 | B47: =IFERROR(__xludf.DUMMYFUNCTION("""COMPUTED_VALUE"""),"Roti Bakar (keju coklat)") -> Roti Bakar (keju coklat) | C47: =IFERROR(__xludf.DUMMYFUNCTION("""COMPUTED_VALUE"""),"Cash") -> Cash | D47: =IFERROR(__xludf.DUMMYFUNCTION("""COMPUTED_VALUE"""),"Out") -> Out | E47: =IFERROR(__xludf.DUMMYFUNCTION("""COMPUTED_VALUE"""),"Jajan") -> Jajan | F47: =IFERROR(__xludf.DUMMYFUNCTION("""COMPUTED_VALUE"""),17000) -> 17000 | G47: =IFERROR(__xludf.DUMMYFUNCTION("""COMPUTED_VALUE"""),"Ibal") -> Ibal | H47: =IF(A47="","", DATE(YEAR(A47),MONTH(A47),1) ) -> 46054 | I47: =SUMIFS(OUT!$F$2:$F$11000,OUT!$H$2:$H$11000,H47,OUT!$D$2:$D$101007,"In") -> #VALUE! | J47: =SUMIFS(OUT!$F$2:$F$11000,OUT!$H$2:$H$11000,H47,OUT!$D$2:$D$11000,"Out") -> 6908733 | K47: =SUMIFS(OUT!$F$2:$F$11000,OUT!$H$2:$H$11000,H47,OUT!$D$2:$D$11000,"Out",OUT!$E$2:$E$11000,"Fix") -> 2440568 | L47: =SUMIFS(OUT!$F$2:$F$11000,OUT!$H$2:$H$11000,H47,OUT!$D$2:$D$11000,"Out",OUT!$E$2:$E$11000,"Bathroom") -> 34500 | M47: =SUMIFS(OUT!$F$2:$F$11000,OUT!$H$2:$H$11000,H47,OUT!$D$2:$D$11000,"Out",OUT!$E$2:$E$11000,"Alfa") -> 293800 | N47: =SUMIFS(OUT!$F$2:$F$11000,OUT!$H$2:$H$101007,H47,OUT!$D$2:$D$11000,"Out",OUT!$E$2:$E$11000,"Jajan") -> #VALUE! | O47: =SUMIFS(OUT!$F$2:$F$11000,OUT!$H$2:$H$11000,H47,OUT!$D$2:$D$11000,"Out",OUT!$E$2:$E$11000,"Kitchen") -> 992724 | P47: =SUMIFS(OUT!$F$2:$F$11000,OUT!$H$2:$H$11000,H47,OUT!$D$2:$D$11000,"Out",OUT!$E$2:$E$11000,"Loandry") -> 41600 | Q47: =SUMIFS(OUT!$F$2:$F$11000,OUT!$H$2:$H$11000,H47,OUT!$D$2:$D$11000,"Out",OUT!$E$2:$E$11000,"Mio") -> 249000 | R47: =SUMIFS(OUT!$F$2:$F$11000,OUT!$H$2:$H$11000,H47,OUT!$D$2:$D$11000,"Out",OUT!$E$2:$E$11000,"Sedekah") -> 129000 | S47: =SUMIFS(OUT!$F$2:$F$11000,OUT!$H$2:$H$11000,H47,OUT!$D$2:$D$11000,"Out",OUT!$E$2:$E$11000,"Zela") -> 24100 | T47: =SUMIFS(OUT!$F$2:$F$11000,OUT!$H$2:$H$11000,H47,OUT!$D$2:$D$11000,"Out",OUT!$E$2:$E$11000,"Iqbal") -> 121000
A48: =IFERROR(__xludf.DUMMYFUNCTION("""COMPUTED_VALUE"""),46079) -> 46079 | B48: =IFERROR(__xludf.DUMMYFUNCTION("""COMPUTED_VALUE"""),"Biar saldo pas, IN = (OUT+ATM+Cash)") -> Biar saldo pas, IN = (OUT+ATM+Cash) | C48: =IFERROR(__xludf.DUMMYFUNCTION("""COMPUTED_VALUE"""),"*****") -> ***** | D48: =IFERROR(__xludf.DUMMYFUNCTION("""COMPUTED_VALUE"""),"Out") -> Out | E48: =IFERROR(__xludf.DUMMYFUNCTION("""COMPUTED_VALUE"""),"Fix") -> Fix | F48: =IFERROR(__xludf.DUMMYFUNCTION("""COMPUTED_VALUE"""),-140000) -> -140000 | G48: =IFERROR(__xludf.DUMMYFUNCTION("""COMPUTED_VALUE"""),"Ibal") -> Ibal | H48: =IF(A48="","", DATE(YEAR(A48),MONTH(A48),1) ) -> 46054 | I48: =SUMIFS(OUT!$F$2:$F$11000,OUT!$H$2:$H$11000,H48,OUT!$D$2:$D$101007,"In") -> #VALUE! | J48: =SUMIFS(OUT!$F$2:$F$11000,OUT!$H$2:$H$11000,H48,OUT!$D$2:$D$11000,"Out") -> 6908733 | K48: =SUMIFS(OUT!$F$2:$F$11000,OUT!$H$2:$H$11000,H48,OUT!$D$2:$D$11000,"Out",OUT!$E$2:$E$11000,"Fix") -> 2440568 | L48: =SUMIFS(OUT!$F$2:$F$11000,OUT!$H$2:$H$11000,H48,OUT!$D$2:$D$11000,"Out",OUT!$E$2:$E$11000,"Bathroom") -> 34500 | M48: =SUMIFS(OUT!$F$2:$F$11000,OUT!$H$2:$H$11000,H48,OUT!$D$2:$D$11000,"Out",OUT!$E$2:$E$11000,"Alfa") -> 293800 | N48: =SUMIFS(OUT!$F$2:$F$11000,OUT!$H$2:$H$101007,H48,OUT!$D$2:$D$11000,"Out",OUT!$E$2:$E$11000,"Jajan") -> #VALUE! | O48: =SUMIFS(OUT!$F$2:$F$11000,OUT!$H$2:$H$11000,H48,OUT!$D$2:$D$11000,"Out",OUT!$E$2:$E$11000,"Kitchen") -> 992724 | P48: =SUMIFS(OUT!$F$2:$F$11000,OUT!$H$2:$H$11000,H48,OUT!$D$2:$D$11000,"Out",OUT!$E$2:$E$11000,"Loandry") -> 41600 | Q48: =SUMIFS(OUT!$F$2:$F$11000,OUT!$H$2:$H$11000,H48,OUT!$D$2:$D$11000,"Out",OUT!$E$2:$E$11000,"Mio") -> 249000 | R48: =SUMIFS(OUT!$F$2:$F$11000,OUT!$H$2:$H$11000,H48,OUT!$D$2:$D$11000,"Out",OUT!$E$2:$E$11000,"Sedekah") -> 129000 | S48: =SUMIFS(OUT!$F$2:$F$11000,OUT!$H$2:$H$11000,H48,OUT!$D$2:$D$11000,"Out",OUT!$E$2:$E$11000,"Zela") -> 24100 | T48: =SUMIFS(OUT!$F$2:$F$11000,OUT!$H$2:$H$11000,H48,OUT!$D$2:$D$11000,"Out",OUT!$E$2:$E$11000,"Iqbal") -> 121000
A49: =IFERROR(__xludf.DUMMYFUNCTION("""COMPUTED_VALUE"""),46079) -> 46079 | B49: =IFERROR(__xludf.DUMMYFUNCTION("""COMPUTED_VALUE"""),"Istriku") -> Istriku | C49: =IFERROR(__xludf.DUMMYFUNCTION("""COMPUTED_VALUE"""),"Cash") -> Cash | D49: =IFERROR(__xludf.DUMMYFUNCTION("""COMPUTED_VALUE"""),"In") -> In | E49: =IFERROR(__xludf.DUMMYFUNCTION("""COMPUTED_VALUE"""),"Move") -> Move | F49: =IFERROR(__xludf.DUMMYFUNCTION("""COMPUTED_VALUE"""),10000) -> 10000 | G49: =IFERROR(__xludf.DUMMYFUNCTION("""COMPUTED_VALUE"""),"Ibal") -> Ibal | H49: =IF(A49="","", DATE(YEAR(A49),MONTH(A49),1) ) -> 46054 | I49: =SUMIFS(OUT!$F$2:$F$11000,OUT!$H$2:$H$11000,H49,OUT!$D$2:$D$101007,"In") -> #VALUE! | J49: =SUMIFS(OUT!$F$2:$F$11000,OUT!$H$2:$H$11000,H49,OUT!$D$2:$D$11000,"Out") -> 6908733 | K49: =SUMIFS(OUT!$F$2:$F$11000,OUT!$H$2:$H$11000,H49,OUT!$D$2:$D$11000,"Out",OUT!$E$2:$E$11000,"Fix") -> 2440568 | L49: =SUMIFS(OUT!$F$2:$F$11000,OUT!$H$2:$H$11000,H49,OUT!$D$2:$D$11000,"Out",OUT!$E$2:$E$11000,"Bathroom") -> 34500 | M49: =SUMIFS(OUT!$F$2:$F$11000,OUT!$H$2:$H$11000,H49,OUT!$D$2:$D$11000,"Out",OUT!$E$2:$E$11000,"Alfa") -> 293800 | N49: =SUMIFS(OUT!$F$2:$F$11000,OUT!$H$2:$H$101007,H49,OUT!$D$2:$D$11000,"Out",OUT!$E$2:$E$11000,"Jajan") -> #VALUE! | O49: =SUMIFS(OUT!$F$2:$F$11000,OUT!$H$2:$H$11000,H49,OUT!$D$2:$D$11000,"Out",OUT!$E$2:$E$11000,"Kitchen") -> 992724 | P49: =SUMIFS(OUT!$F$2:$F$11000,OUT!$H$2:$H$11000,H49,OUT!$D$2:$D$11000,"Out",OUT!$E$2:$E$11000,"Loandry") -> 41600 | Q49: =SUMIFS(OUT!$F$2:$F$11000,OUT!$H$2:$H$11000,H49,OUT!$D$2:$D$11000,"Out",OUT!$E$2:$E$11000,"Mio") -> 249000 | R49: =SUMIFS(OUT!$F$2:$F$11000,OUT!$H$2:$H$11000,H49,OUT!$D$2:$D$11000,"Out",OUT!$E$2:$E$11000,"Sedekah") -> 129000 | S49: =SUMIFS(OUT!$F$2:$F$11000,OUT!$H$2:$H$11000,H49,OUT!$D$2:$D$11000,"Out",OUT!$E$2:$E$11000,"Zela") -> 24100 | T49: =SUMIFS(OUT!$F$2:$F$11000,OUT!$H$2:$H$11000,H49,OUT!$D$2:$D$11000,"Out",OUT!$E$2:$E$11000,"Iqbal") -> 121000
A50: =IFERROR(__xludf.DUMMYFUNCTION("""COMPUTED_VALUE"""),46079) -> 46079 | B50: =IFERROR(__xludf.DUMMYFUNCTION("""COMPUTED_VALUE"""),"rokok") -> rokok | C50: =IFERROR(__xludf.DUMMYFUNCTION("""COMPUTED_VALUE"""),"Cash") -> Cash | D50: =IFERROR(__xludf.DUMMYFUNCTION("""COMPUTED_VALUE"""),"Out") -> Out | E50: =IFERROR(__xludf.DUMMYFUNCTION("""COMPUTED_VALUE"""),"Iqbal") -> Iqbal | F50: =IFERROR(__xludf.DUMMYFUNCTION("""COMPUTED_VALUE"""),14000) -> 14000 | G50: =IFERROR(__xludf.DUMMYFUNCTION("""COMPUTED_VALUE"""),"Ibal") -> Ibal | H50: =IF(A50="","", DATE(YEAR(A50),MONTH(A50),1) ) -> 46054 | I50: =SUMIFS(OUT!$F$2:$F$11000,OUT!$H$2:$H$11000,H50,OUT!$D$2:$D$101007,"In") -> #VALUE! | J50: =SUMIFS(OUT!$F$2:$F$11000,OUT!$H$2:$H$11000,H50,OUT!$D$2:$D$11000,"Out") -> 6908733 | K50: =SUMIFS(OUT!$F$2:$F$11000,OUT!$H$2:$H$11000,H50,OUT!$D$2:$D$11000,"Out",OUT!$E$2:$E$11000,"Fix") -> 2440568 | L50: =SUMIFS(OUT!$F$2:$F$11000,OUT!$H$2:$H$11000,H50,OUT!$D$2:$D$11000,"Out",OUT!$E$2:$E$11000,"Bathroom") -> 34500 | M50: =SUMIFS(OUT!$F$2:$F$11000,OUT!$H$2:$H$11000,H50,OUT!$D$2:$D$11000,"Out",OUT!$E$2:$E$11000,"Alfa") -> 293800 | N50: =SUMIFS(OUT!$F$2:$F$11000,OUT!$H$2:$H$101007,H50,OUT!$D$2:$D$11000,"Out",OUT!$E$2:$E$11000,"Jajan") -> #VALUE! | O50: =SUMIFS(OUT!$F$2:$F$11000,OUT!$H$2:$H$11000,H50,OUT!$D$2:$D$11000,"Out",OUT!$E$2:$E$11000,"Kitchen") -> 992724 | P50: =SUMIFS(OUT!$F$2:$F$11000,OUT!$H$2:$H$11000,H50,OUT!$D$2:$D$11000,"Out",OUT!$E$2:$E$11000,"Loandry") -> 41600 | Q50: =SUMIFS(OUT!$F$2:$F$11000,OUT!$H$2:$H$11000,H50,OUT!$D$2:$D$11000,"Out",OUT!$E$2:$E$11000,"Mio") -> 249000 | R50: =SUMIFS(OUT!$F$2:$F$11000,OUT!$H$2:$H$11000,H50,OUT!$D$2:$D$11000,"Out",OUT!$E$2:$E$11000,"Sedekah") -> 129000 | S50: =SUMIFS(OUT!$F$2:$F$11000,OUT!$H$2:$H$11000,H50,OUT!$D$2:$D$11000,"Out",OUT!$E$2:$E$11000,"Zela") -> 24100 | T50: =SUMIFS(OUT!$F$2:$F$11000,OUT!$H$2:$H$11000,H50,OUT!$D$2:$D$11000,"Out",OUT!$E$2:$E$11000,"Iqbal") -> 121000
A51: =IFERROR(__xludf.DUMMYFUNCTION("""COMPUTED_VALUE"""),46079) -> 46079 | B51: =IFERROR(__xludf.DUMMYFUNCTION("""COMPUTED_VALUE"""),"bensin") -> bensin | C51: =IFERROR(__xludf.DUMMYFUNCTION("""COMPUTED_VALUE"""),"Cash") -> Cash | D51: =IFERROR(__xludf.DUMMYFUNCTION("""COMPUTED_VALUE"""),"Out") -> Out | E51: =IFERROR(__xludf.DUMMYFUNCTION("""COMPUTED_VALUE"""),"Mio") -> Mio | F51: =IFERROR(__xludf.DUMMYFUNCTION("""COMPUTED_VALUE"""),20000) -> 20000 | G51: =IFERROR(__xludf.DUMMYFUNCTION("""COMPUTED_VALUE"""),"Ibal") -> Ibal | H51: =IF(A51="","", DATE(YEAR(A51),MONTH(A51),1) ) -> 46054 | I51: =SUMIFS(OUT!$F$2:$F$11000,OUT!$H$2:$H$11000,H51,OUT!$D$2:$D$101007,"In") -> #VALUE! | J51: =SUMIFS(OUT!$F$2:$F$11000,OUT!$H$2:$H$11000,H51,OUT!$D$2:$D$11000,"Out") -> 6908733 | K51: =SUMIFS(OUT!$F$2:$F$11000,OUT!$H$2:$H$11000,H51,OUT!$D$2:$D$11000,"Out",OUT!$E$2:$E$11000,"Fix") -> 2440568 | L51: =SUMIFS(OUT!$F$2:$F$11000,OUT!$H$2:$H$11000,H51,OUT!$D$2:$D$11000,"Out",OUT!$E$2:$E$11000,"Bathroom") -> 34500 | M51: =SUMIFS(OUT!$F$2:$F$11000,OUT!$H$2:$H$11000,H51,OUT!$D$2:$D$11000,"Out",OUT!$E$2:$E$11000,"Alfa") -> 293800 | N51: =SUMIFS(OUT!$F$2:$F$11000,OUT!$H$2:$H$101007,H51,OUT!$D$2:$D$11000,"Out",OUT!$E$2:$E$11000,"Jajan") -> #VALUE! | O51: =SUMIFS(OUT!$F$2:$F$11000,OUT!$H$2:$H$11000,H51,OUT!$D$2:$D$11000,"Out",OUT!$E$2:$E$11000,"Kitchen") -> 992724 | P51: =SUMIFS(OUT!$F$2:$F$11000,OUT!$H$2:$H$11000,H51,OUT!$D$2:$D$11000,"Out",OUT!$E$2:$E$11000,"Loandry") -> 41600 | Q51: =SUMIFS(OUT!$F$2:$F$11000,OUT!$H$2:$H$11000,H51,OUT!$D$2:$D$11000,"Out",OUT!$E$2:$E$11000,"Mio") -> 249000 | R51: =SUMIFS(OUT!$F$2:$F$11000,OUT!$H$2:$H$11000,H51,OUT!$D$2:$D$11000,"Out",OUT!$E$2:$E$11000,"Sedekah") -> 129000 | S51: =SUMIFS(OUT!$F$2:$F$11000,OUT!$H$2:$H$11000,H51,OUT!$D$2:$D$11000,"Out",OUT!$E$2:$E$11000,"Zela") -> 24100 | T51: =SUMIFS(OUT!$F$2:$F$11000,OUT!$H$2:$H$11000,H51,OUT!$D$2:$D$11000,"Out",OUT!$E$2:$E$11000,"Iqbal") -> 121000
A52: =IFERROR(__xludf.DUMMYFUNCTION("""COMPUTED_VALUE"""),46083) -> 46083 | B52: =IFERROR(__xludf.DUMMYFUNCTION("""COMPUTED_VALUE"""),"Gaji Februari 2026") -> Gaji Februari 2026 | C52: =IFERROR(__xludf.DUMMYFUNCTION("""COMPUTED_VALUE"""),"ATM") -> ATM | D52: =IFERROR(__xludf.DUMMYFUNCTION("""COMPUTED_VALUE"""),"In") -> In | E52: =IFERROR(__xludf.DUMMYFUNCTION("""COMPUTED_VALUE"""),"Fix") -> Fix | F52: =IFERROR(__xludf.DUMMYFUNCTION("""COMPUTED_VALUE"""),4458235) -> 4458235 | G52: =IFERROR(__xludf.DUMMYFUNCTION("""COMPUTED_VALUE"""),"Ibal") -> Ibal | H52: =IF(A52="","", DATE(YEAR(A52),MONTH(A52),1) ) -> 46082 | I52: =SUMIFS(OUT!$F$2:$F$11000,OUT!$H$2:$H$11000,H52,OUT!$D$2:$D$101007,"In") -> #VALUE! | J52: =SUMIFS(OUT!$F$2:$F$11000,OUT!$H$2:$H$11000,H52,OUT!$D$2:$D$11000,"Out") -> 12026623 | K52: =SUMIFS(OUT!$F$2:$F$11000,OUT!$H$2:$H$11000,H52,OUT!$D$2:$D$11000,"Out",OUT!$E$2:$E$11000,"Fix") -> 2865413 | L52: =SUMIFS(OUT!$F$2:$F$11000,OUT!$H$2:$H$11000,H52,OUT!$D$2:$D$11000,"Out",OUT!$E$2:$E$11000,"Bathroom") -> 120488 | M52: =SUMIFS(OUT!$F$2:$F$11000,OUT!$H$2:$H$11000,H52,OUT!$D$2:$D$11000,"Out",OUT!$E$2:$E$11000,"Alfa") -> 890962 | N52: =SUMIFS(OUT!$F$2:$F$11000,OUT!$H$2:$H$101007,H52,OUT!$D$2:$D$11000,"Out",OUT!$E$2:$E$11000,"Jajan") -> #VALUE! | O52: =SUMIFS(OUT!$F$2:$F$11000,OUT!$H$2:$H$11000,H52,OUT!$D$2:$D$11000,"Out",OUT!$E$2:$E$11000,"Kitchen") -> 1152600 | P52: =SUMIFS(OUT!$F$2:$F$11000,OUT!$H$2:$H$11000,H52,OUT!$D$2:$D$11000,"Out",OUT!$E$2:$E$11000,"Loandry") -> 41000 | Q52: =SUMIFS(OUT!$F$2:$F$11000,OUT!$H$2:$H$11000,H52,OUT!$D$2:$D$11000,"Out",OUT!$E$2:$E$11000,"Mio") -> 895700 | R52: =SUMIFS(OUT!$F$2:$F$11000,OUT!$H$2:$H$11000,H52,OUT!$D$2:$D$11000,"Out",OUT!$E$2:$E$11000,"Sedekah") -> 130000 | S52: =SUMIFS(OUT!$F$2:$F$11000,OUT!$H$2:$H$11000,H52,OUT!$D$2:$D$11000,"Out",OUT!$E$2:$E$11000,"Zela") -> 215161 | T52: =SUMIFS(OUT!$F$2:$F$11000,OUT!$H$2:$H$11000,H52,OUT!$D$2:$D$11000,"Out",OUT!$E$2:$E$11000,"Iqbal") -> 215000
A53: =IFERROR(__xludf.DUMMYFUNCTION("""COMPUTED_VALUE"""),46083) -> 46083 | B53: =IFERROR(__xludf.DUMMYFUNCTION("""COMPUTED_VALUE"""),"Istriku") -> Istriku | C53: =IFERROR(__xludf.DUMMYFUNCTION("""COMPUTED_VALUE"""),"ATM") -> ATM | D53: =IFERROR(__xludf.DUMMYFUNCTION("""COMPUTED_VALUE"""),"Out") -> Out | E53: =IFERROR(__xludf.DUMMYFUNCTION("""COMPUTED_VALUE"""),"Move") -> Move | F53: =IFERROR(__xludf.DUMMYFUNCTION("""COMPUTED_VALUE"""),2000000) -> 2000000 | G53: =IFERROR(__xludf.DUMMYFUNCTION("""COMPUTED_VALUE"""),"Ibal") -> Ibal | H53: =IF(A53="","", DATE(YEAR(A53),MONTH(A53),1) ) -> 46082 | I53: =SUMIFS(OUT!$F$2:$F$11000,OUT!$H$2:$H$11000,H53,OUT!$D$2:$D$101007,"In") -> #VALUE! | J53: =SUMIFS(OUT!$F$2:$F$11000,OUT!$H$2:$H$11000,H53,OUT!$D$2:$D$11000,"Out") -> 12026623 | K53: =SUMIFS(OUT!$F$2:$F$11000,OUT!$H$2:$H$11000,H53,OUT!$D$2:$D$11000,"Out",OUT!$E$2:$E$11000,"Fix") -> 2865413 | L53: =SUMIFS(OUT!$F$2:$F$11000,OUT!$H$2:$H$11000,H53,OUT!$D$2:$D$11000,"Out",OUT!$E$2:$E$11000,"Bathroom") -> 120488 | M53: =SUMIFS(OUT!$F$2:$F$11000,OUT!$H$2:$H$11000,H53,OUT!$D$2:$D$11000,"Out",OUT!$E$2:$E$11000,"Alfa") -> 890962 | N53: =SUMIFS(OUT!$F$2:$F$11000,OUT!$H$2:$H$101007,H53,OUT!$D$2:$D$11000,"Out",OUT!$E$2:$E$11000,"Jajan") -> #VALUE! | O53: =SUMIFS(OUT!$F$2:$F$11000,OUT!$H$2:$H$11000,H53,OUT!$D$2:$D$11000,"Out",OUT!$E$2:$E$11000,"Kitchen") -> 1152600 | P53: =SUMIFS(OUT!$F$2:$F$11000,OUT!$H$2:$H$11000,H53,OUT!$D$2:$D$11000,"Out",OUT!$E$2:$E$11000,"Loandry") -> 41000 | Q53: =SUMIFS(OUT!$F$2:$F$11000,OUT!$H$2:$H$11000,H53,OUT!$D$2:$D$11000,"Out",OUT!$E$2:$E$11000,"Mio") -> 895700 | R53: =SUMIFS(OUT!$F$2:$F$11000,OUT!$H$2:$H$11000,H53,OUT!$D$2:$D$11000,"Out",OUT!$E$2:$E$11000,"Sedekah") -> 130000 | S53: =SUMIFS(OUT!$F$2:$F$11000,OUT!$H$2:$H$11000,H53,OUT!$D$2:$D$11000,"Out",OUT!$E$2:$E$11000,"Zela") -> 215161 | T53: =SUMIFS(OUT!$F$2:$F$11000,OUT!$H$2:$H$11000,H53,OUT!$D$2:$D$11000,"Out",OUT!$E$2:$E$11000,"Iqbal") -> 215000
A54: =IFERROR(__xludf.DUMMYFUNCTION("""COMPUTED_VALUE"""),46084) -> 46084 | B54: =IFERROR(__xludf.DUMMYFUNCTION("""COMPUTED_VALUE"""),"Byu 6gb") -> Byu 6gb | C54: =IFERROR(__xludf.DUMMYFUNCTION("""COMPUTED_VALUE"""),"ATM") -> ATM | D54: =IFERROR(__xludf.DUMMYFUNCTION("""COMPUTED_VALUE"""),"Out") -> Out | E54: =IFERROR(__xludf.DUMMYFUNCTION("""COMPUTED_VALUE"""),"Fix") -> Fix | F54: =IFERROR(__xludf.DUMMYFUNCTION("""COMPUTED_VALUE"""),15000) -> 15000 | G54: =IFERROR(__xludf.DUMMYFUNCTION("""COMPUTED_VALUE"""),"Ibal") -> Ibal | H54: =IF(A54="","", DATE(YEAR(A54),MONTH(A54),1) ) -> 46082 | I54: =SUMIFS(OUT!$F$2:$F$11000,OUT!$H$2:$H$11000,H54,OUT!$D$2:$D$101007,"In") -> #VALUE! | J54: =SUMIFS(OUT!$F$2:$F$11000,OUT!$H$2:$H$11000,H54,OUT!$D$2:$D$11000,"Out") -> 12026623 | K54: =SUMIFS(OUT!$F$2:$F$11000,OUT!$H$2:$H$11000,H54,OUT!$D$2:$D$11000,"Out",OUT!$E$2:$E$11000,"Fix") -> 2865413 | L54: =SUMIFS(OUT!$F$2:$F$11000,OUT!$H$2:$H$11000,H54,OUT!$D$2:$D$11000,"Out",OUT!$E$2:$E$11000,"Bathroom") -> 120488 | M54: =SUMIFS(OUT!$F$2:$F$11000,OUT!$H$2:$H$11000,H54,OUT!$D$2:$D$11000,"Out",OUT!$E$2:$E$11000,"Alfa") -> 890962 | N54: =SUMIFS(OUT!$F$2:$F$11000,OUT!$H$2:$H$101007,H54,OUT!$D$2:$D$11000,"Out",OUT!$E$2:$E$11000,"Jajan") -> #VALUE! | O54: =SUMIFS(OUT!$F$2:$F$11000,OUT!$H$2:$H$11000,H54,OUT!$D$2:$D$11000,"Out",OUT!$E$2:$E$11000,"Kitchen") -> 1152600 | P54: =SUMIFS(OUT!$F$2:$F$11000,OUT!$H$2:$H$11000,H54,OUT!$D$2:$D$11000,"Out",OUT!$E$2:$E$11000,"Loandry") -> 41000 | Q54: =SUMIFS(OUT!$F$2:$F$11000,OUT!$H$2:$H$11000,H54,OUT!$D$2:$D$11000,"Out",OUT!$E$2:$E$11000,"Mio") -> 895700 | R54: =SUMIFS(OUT!$F$2:$F$11000,OUT!$H$2:$H$11000,H54,OUT!$D$2:$D$11000,"Out",OUT!$E$2:$E$11000,"Sedekah") -> 130000 | S54: =SUMIFS(OUT!$F$2:$F$11000,OUT!$H$2:$H$11000,H54,OUT!$D$2:$D$11000,"Out",OUT!$E$2:$E$11000,"Zela") -> 215161 | T54: =SUMIFS(OUT!$F$2:$F$11000,OUT!$H$2:$H$11000,H54,OUT!$D$2:$D$11000,"Out",OUT!$E$2:$E$11000,"Iqbal") -> 215000
A55: =IFERROR(__xludf.DUMMYFUNCTION("""COMPUTED_VALUE"""),46084) -> 46084 | B55: =IFERROR(__xludf.DUMMYFUNCTION("""COMPUTED_VALUE"""),"Mamaku") -> Mamaku | C55: =IFERROR(__xludf.DUMMYFUNCTION("""COMPUTED_VALUE"""),"Cash") -> Cash | D55: =IFERROR(__xludf.DUMMYFUNCTION("""COMPUTED_VALUE"""),"In") -> In | E55: =IFERROR(__xludf.DUMMYFUNCTION("""COMPUTED_VALUE"""),"Fix") -> Fix | F55: =IFERROR(__xludf.DUMMYFUNCTION("""COMPUTED_VALUE"""),20000) -> 20000 | G55: =IFERROR(__xludf.DUMMYFUNCTION("""COMPUTED_VALUE"""),"Ibal") -> Ibal | H55: =IF(A55="","", DATE(YEAR(A55),MONTH(A55),1) ) -> 46082 | I55: =SUMIFS(OUT!$F$2:$F$11000,OUT!$H$2:$H$11000,H55,OUT!$D$2:$D$101007,"In") -> #VALUE! | J55: =SUMIFS(OUT!$F$2:$F$11000,OUT!$H$2:$H$11000,H55,OUT!$D$2:$D$11000,"Out") -> 12026623 | K55: =SUMIFS(OUT!$F$2:$F$11000,OUT!$H$2:$H$11000,H55,OUT!$D$2:$D$11000,"Out",OUT!$E$2:$E$11000,"Fix") -> 2865413 | L55: =SUMIFS(OUT!$F$2:$F$11000,OUT!$H$2:$H$11000,H55,OUT!$D$2:$D$11000,"Out",OUT!$E$2:$E$11000,"Bathroom") -> 120488 | M55: =SUMIFS(OUT!$F$2:$F$11000,OUT!$H$2:$H$11000,H55,OUT!$D$2:$D$11000,"Out",OUT!$E$2:$E$11000,"Alfa") -> 890962 | N55: =SUMIFS(OUT!$F$2:$F$11000,OUT!$H$2:$H$101007,H55,OUT!$D$2:$D$11000,"Out",OUT!$E$2:$E$11000,"Jajan") -> #VALUE! | O55: =SUMIFS(OUT!$F$2:$F$11000,OUT!$H$2:$H$11000,H55,OUT!$D$2:$D$11000,"Out",OUT!$E$2:$E$11000,"Kitchen") -> 1152600 | P55: =SUMIFS(OUT!$F$2:$F$11000,OUT!$H$2:$H$11000,H55,OUT!$D$2:$D$11000,"Out",OUT!$E$2:$E$11000,"Loandry") -> 41000 | Q55: =SUMIFS(OUT!$F$2:$F$11000,OUT!$H$2:$H$11000,H55,OUT!$D$2:$D$11000,"Out",OUT!$E$2:$E$11000,"Mio") -> 895700 | R55: =SUMIFS(OUT!$F$2:$F$11000,OUT!$H$2:$H$11000,H55,OUT!$D$2:$D$11000,"Out",OUT!$E$2:$E$11000,"Sedekah") -> 130000 | S55: =SUMIFS(OUT!$F$2:$F$11000,OUT!$H$2:$H$11000,H55,OUT!$D$2:$D$11000,"Out",OUT!$E$2:$E$11000,"Zela") -> 215161 | T55: =SUMIFS(OUT!$F$2:$F$11000,OUT!$H$2:$H$11000,H55,OUT!$D$2:$D$11000,"Out",OUT!$E$2:$E$11000,"Iqbal") -> 215000
A56: =IFERROR(__xludf.DUMMYFUNCTION("""COMPUTED_VALUE"""),46084) -> 46084 | B56: =IFERROR(__xludf.DUMMYFUNCTION("""COMPUTED_VALUE"""),"Pertalite") -> Pertalite | C56: =IFERROR(__xludf.DUMMYFUNCTION("""COMPUTED_VALUE"""),"Cash") -> Cash | D56: =IFERROR(__xludf.DUMMYFUNCTION("""COMPUTED_VALUE"""),"Out") -> Out | E56: =IFERROR(__xludf.DUMMYFUNCTION("""COMPUTED_VALUE"""),"Mio") -> Mio | F56: =IFERROR(__xludf.DUMMYFUNCTION("""COMPUTED_VALUE"""),29000) -> 29000 | G56: =IFERROR(__xludf.DUMMYFUNCTION("""COMPUTED_VALUE"""),"Ibal") -> Ibal | H56: =IF(A56="","", DATE(YEAR(A56),MONTH(A56),1) ) -> 46082 | I56: =SUMIFS(OUT!$F$2:$F$11000,OUT!$H$2:$H$11000,H56,OUT!$D$2:$D$101007,"In") -> #VALUE! | J56: =SUMIFS(OUT!$F$2:$F$11000,OUT!$H$2:$H$11000,H56,OUT!$D$2:$D$11000,"Out") -> 12026623 | K56: =SUMIFS(OUT!$F$2:$F$11000,OUT!$H$2:$H$11000,H56,OUT!$D$2:$D$11000,"Out",OUT!$E$2:$E$11000,"Fix") -> 2865413 | L56: =SUMIFS(OUT!$F$2:$F$11000,OUT!$H$2:$H$11000,H56,OUT!$D$2:$D$11000,"Out",OUT!$E$2:$E$11000,"Bathroom") -> 120488 | M56: =SUMIFS(OUT!$F$2:$F$11000,OUT!$H$2:$H$11000,H56,OUT!$D$2:$D$11000,"Out",OUT!$E$2:$E$11000,"Alfa") -> 890962 | N56: =SUMIFS(OUT!$F$2:$F$11000,OUT!$H$2:$H$101007,H56,OUT!$D$2:$D$11000,"Out",OUT!$E$2:$E$11000,"Jajan") -> #VALUE! | O56: =SUMIFS(OUT!$F$2:$F$11000,OUT!$H$2:$H$11000,H56,OUT!$D$2:$D$11000,"Out",OUT!$E$2:$E$11000,"Kitchen") -> 1152600 | P56: =SUMIFS(OUT!$F$2:$F$11000,OUT!$H$2:$H$11000,H56,OUT!$D$2:$D$11000,"Out",OUT!$E$2:$E$11000,"Loandry") -> 41000 | Q56: =SUMIFS(OUT!$F$2:$F$11000,OUT!$H$2:$H$11000,H56,OUT!$D$2:$D$11000,"Out",OUT!$E$2:$E$11000,"Mio") -> 895700 | R56: =SUMIFS(OUT!$F$2:$F$11000,OUT!$H$2:$H$11000,H56,OUT!$D$2:$D$11000,"Out",OUT!$E$2:$E$11000,"Sedekah") -> 130000 | S56: =SUMIFS(OUT!$F$2:$F$11000,OUT!$H$2:$H$11000,H56,OUT!$D$2:$D$11000,"Out",OUT!$E$2:$E$11000,"Zela") -> 215161 | T56: =SUMIFS(OUT!$F$2:$F$11000,OUT!$H$2:$H$11000,H56,OUT!$D$2:$D$11000,"Out",OUT!$E$2:$E$11000,"Iqbal") -> 215000
A57: =IFERROR(__xludf.DUMMYFUNCTION("""COMPUTED_VALUE"""),46084) -> 46084 | B57: =IFERROR(__xludf.DUMMYFUNCTION("""COMPUTED_VALUE"""),"Istriku") -> Istriku | C57: =IFERROR(__xludf.DUMMYFUNCTION("""COMPUTED_VALUE"""),"ATM") -> ATM | D57: =IFERROR(__xludf.DUMMYFUNCTION("""COMPUTED_VALUE"""),"In") -> In | E57: =IFERROR(__xludf.DUMMYFUNCTION("""COMPUTED_VALUE"""),"Move") -> Move | F57: =IFERROR(__xludf.DUMMYFUNCTION("""COMPUTED_VALUE"""),50000) -> 50000 | G57: =IFERROR(__xludf.DUMMYFUNCTION("""COMPUTED_VALUE"""),"Ibal") -> Ibal | H57: =IF(A57="","", DATE(YEAR(A57),MONTH(A57),1) ) -> 46082 | I57: =SUMIFS(OUT!$F$2:$F$11000,OUT!$H$2:$H$11000,H57,OUT!$D$2:$D$101007,"In") -> #VALUE! | J57: =SUMIFS(OUT!$F$2:$F$11000,OUT!$H$2:$H$11000,H57,OUT!$D$2:$D$11000,"Out") -> 12026623 | K57: =SUMIFS(OUT!$F$2:$F$11000,OUT!$H$2:$H$11000,H57,OUT!$D$2:$D$11000,"Out",OUT!$E$2:$E$11000,"Fix") -> 2865413 | L57: =SUMIFS(OUT!$F$2:$F$11000,OUT!$H$2:$H$11000,H57,OUT!$D$2:$D$11000,"Out",OUT!$E$2:$E$11000,"Bathroom") -> 120488 | M57: =SUMIFS(OUT!$F$2:$F$11000,OUT!$H$2:$H$11000,H57,OUT!$D$2:$D$11000,"Out",OUT!$E$2:$E$11000,"Alfa") -> 890962 | N57: =SUMIFS(OUT!$F$2:$F$11000,OUT!$H$2:$H$101007,H57,OUT!$D$2:$D$11000,"Out",OUT!$E$2:$E$11000,"Jajan") -> #VALUE! | O57: =SUMIFS(OUT!$F$2:$F$11000,OUT!$H$2:$H$11000,H57,OUT!$D$2:$D$11000,"Out",OUT!$E$2:$E$11000,"Kitchen") -> 1152600 | P57: =SUMIFS(OUT!$F$2:$F$11000,OUT!$H$2:$H$11000,H57,OUT!$D$2:$D$11000,"Out",OUT!$E$2:$E$11000,"Loandry") -> 41000 | Q57: =SUMIFS(OUT!$F$2:$F$11000,OUT!$H$2:$H$11000,H57,OUT!$D$2:$D$11000,"Out",OUT!$E$2:$E$11000,"Mio") -> 895700 | R57: =SUMIFS(OUT!$F$2:$F$11000,OUT!$H$2:$H$11000,H57,OUT!$D$2:$D$11000,"Out",OUT!$E$2:$E$11000,"Sedekah") -> 130000 | S57: =SUMIFS(OUT!$F$2:$F$11000,OUT!$H$2:$H$11000,H57,OUT!$D$2:$D$11000,"Out",OUT!$E$2:$E$11000,"Zela") -> 215161 | T57: =SUMIFS(OUT!$F$2:$F$11000,OUT!$H$2:$H$11000,H57,OUT!$D$2:$D$11000,"Out",OUT!$E$2:$E$11000,"Iqbal") -> 215000
A58: =IFERROR(__xludf.DUMMYFUNCTION("""COMPUTED_VALUE"""),46084) -> 46084 | B58: =IFERROR(__xludf.DUMMYFUNCTION("""COMPUTED_VALUE"""),"Shopee") -> Shopee | C58: =IFERROR(__xludf.DUMMYFUNCTION("""COMPUTED_VALUE"""),"ATM") -> ATM | D58: =IFERROR(__xludf.DUMMYFUNCTION("""COMPUTED_VALUE"""),"Out") -> Out | E58: =IFERROR(__xludf.DUMMYFUNCTION("""COMPUTED_VALUE"""),"Fix") -> Fix | F58: =IFERROR(__xludf.DUMMYFUNCTION("""COMPUTED_VALUE"""),624137) -> 624137 | G58: =IFERROR(__xludf.DUMMYFUNCTION("""COMPUTED_VALUE"""),"Ibal") -> Ibal | H58: =IF(A58="","", DATE(YEAR(A58),MONTH(A58),1) ) -> 46082 | I58: =SUMIFS(OUT!$F$2:$F$11000,OUT!$H$2:$H$11000,H58,OUT!$D$2:$D$101007,"In") -> #VALUE! | J58: =SUMIFS(OUT!$F$2:$F$11000,OUT!$H$2:$H$11000,H58,OUT!$D$2:$D$11000,"Out") -> 12026623 | K58: =SUMIFS(OUT!$F$2:$F$11000,OUT!$H$2:$H$11000,H58,OUT!$D$2:$D$11000,"Out",OUT!$E$2:$E$11000,"Fix") -> 2865413 | L58: =SUMIFS(OUT!$F$2:$F$11000,OUT!$H$2:$H$11000,H58,OUT!$D$2:$D$11000,"Out",OUT!$E$2:$E$11000,"Bathroom") -> 120488 | M58: =SUMIFS(OUT!$F$2:$F$11000,OUT!$H$2:$H$11000,H58,OUT!$D$2:$D$11000,"Out",OUT!$E$2:$E$11000,"Alfa") -> 890962 | N58: =SUMIFS(OUT!$F$2:$F$11000,OUT!$H$2:$H$101007,H58,OUT!$D$2:$D$11000,"Out",OUT!$E$2:$E$11000,"Jajan") -> #VALUE! | O58: =SUMIFS(OUT!$F$2:$F$11000,OUT!$H$2:$H$11000,H58,OUT!$D$2:$D$11000,"Out",OUT!$E$2:$E$11000,"Kitchen") -> 1152600 | P58: =SUMIFS(OUT!$F$2:$F$11000,OUT!$H$2:$H$11000,H58,OUT!$D$2:$D$11000,"Out",OUT!$E$2:$E$11000,"Loandry") -> 41000 | Q58: =SUMIFS(OUT!$F$2:$F$11000,OUT!$H$2:$H$11000,H58,OUT!$D$2:$D$11000,"Out",OUT!$E$2:$E$11000,"Mio") -> 895700 | R58: =SUMIFS(OUT!$F$2:$F$11000,OUT!$H$2:$H$11000,H58,OUT!$D$2:$D$11000,"Out",OUT!$E$2:$E$11000,"Sedekah") -> 130000 | S58: =SUMIFS(OUT!$F$2:$F$11000,OUT!$H$2:$H$11000,H58,OUT!$D$2:$D$11000,"Out",OUT!$E$2:$E$11000,"Zela") -> 215161 | T58: =SUMIFS(OUT!$F$2:$F$11000,OUT!$H$2:$H$11000,H58,OUT!$D$2:$D$11000,"Out",OUT!$E$2:$E$11000,"Iqbal") -> 215000
A59: =IFERROR(__xludf.DUMMYFUNCTION("""COMPUTED_VALUE"""),46084) -> 46084 | B59: =IFERROR(__xludf.DUMMYFUNCTION("""COMPUTED_VALUE"""),"Kulkas") -> Kulkas | C59: =IFERROR(__xludf.DUMMYFUNCTION("""COMPUTED_VALUE"""),"ATM") -> ATM | D59: =IFERROR(__xludf.DUMMYFUNCTION("""COMPUTED_VALUE"""),"Out") -> Out | E59: =IFERROR(__xludf.DUMMYFUNCTION("""COMPUTED_VALUE"""),"Fix") -> Fix | F59: =IFERROR(__xludf.DUMMYFUNCTION("""COMPUTED_VALUE"""),279187) -> 279187 | G59: =IFERROR(__xludf.DUMMYFUNCTION("""COMPUTED_VALUE"""),"Ibal") -> Ibal | H59: =IF(A59="","", DATE(YEAR(A59),MONTH(A59),1) ) -> 46082 | I59: =SUMIFS(OUT!$F$2:$F$11000,OUT!$H$2:$H$11000,H59,OUT!$D$2:$D$101007,"In") -> #VALUE! | J59: =SUMIFS(OUT!$F$2:$F$11000,OUT!$H$2:$H$11000,H59,OUT!$D$2:$D$11000,"Out") -> 12026623 | K59: =SUMIFS(OUT!$F$2:$F$11000,OUT!$H$2:$H$11000,H59,OUT!$D$2:$D$11000,"Out",OUT!$E$2:$E$11000,"Fix") -> 2865413 | L59: =SUMIFS(OUT!$F$2:$F$11000,OUT!$H$2:$H$11000,H59,OUT!$D$2:$D$11000,"Out",OUT!$E$2:$E$11000,"Bathroom") -> 120488 | M59: =SUMIFS(OUT!$F$2:$F$11000,OUT!$H$2:$H$11000,H59,OUT!$D$2:$D$11000,"Out",OUT!$E$2:$E$11000,"Alfa") -> 890962 | N59: =SUMIFS(OUT!$F$2:$F$11000,OUT!$H$2:$H$101007,H59,OUT!$D$2:$D$11000,"Out",OUT!$E$2:$E$11000,"Jajan") -> #VALUE! | O59: =SUMIFS(OUT!$F$2:$F$11000,OUT!$H$2:$H$11000,H59,OUT!$D$2:$D$11000,"Out",OUT!$E$2:$E$11000,"Kitchen") -> 1152600 | P59: =SUMIFS(OUT!$F$2:$F$11000,OUT!$H$2:$H$11000,H59,OUT!$D$2:$D$11000,"Out",OUT!$E$2:$E$11000,"Loandry") -> 41000 | Q59: =SUMIFS(OUT!$F$2:$F$11000,OUT!$H$2:$H$11000,H59,OUT!$D$2:$D$11000,"Out",OUT!$E$2:$E$11000,"Mio") -> 895700 | R59: =SUMIFS(OUT!$F$2:$F$11000,OUT!$H$2:$H$11000,H59,OUT!$D$2:$D$11000,"Out",OUT!$E$2:$E$11000,"Sedekah") -> 130000 | S59: =SUMIFS(OUT!$F$2:$F$11000,OUT!$H$2:$H$11000,H59,OUT!$D$2:$D$11000,"Out",OUT!$E$2:$E$11000,"Zela") -> 215161 | T59: =SUMIFS(OUT!$F$2:$F$11000,OUT!$H$2:$H$11000,H59,OUT!$D$2:$D$11000,"Out",OUT!$E$2:$E$11000,"Iqbal") -> 215000
A60: =IFERROR(__xludf.DUMMYFUNCTION("""COMPUTED_VALUE"""),46084) -> 46084 | B60: =IFERROR(__xludf.DUMMYFUNCTION("""COMPUTED_VALUE"""),"Bracket TV & Antena") -> Bracket TV & Antena | C60: =IFERROR(__xludf.DUMMYFUNCTION("""COMPUTED_VALUE"""),"ATM") -> ATM | D60: =IFERROR(__xludf.DUMMYFUNCTION("""COMPUTED_VALUE"""),"Out") -> Out | E60: =IFERROR(__xludf.DUMMYFUNCTION("""COMPUTED_VALUE"""),"Fix") -> Fix | F60: =IFERROR(__xludf.DUMMYFUNCTION("""COMPUTED_VALUE"""),73682) -> 73682 | G60: =IFERROR(__xludf.DUMMYFUNCTION("""COMPUTED_VALUE"""),"Ibal") -> Ibal | H60: =IF(A60="","", DATE(YEAR(A60),MONTH(A60),1) ) -> 46082 | I60: =SUMIFS(OUT!$F$2:$F$11000,OUT!$H$2:$H$11000,H60,OUT!$D$2:$D$101007,"In") -> #VALUE! | J60: =SUMIFS(OUT!$F$2:$F$11000,OUT!$H$2:$H$11000,H60,OUT!$D$2:$D$11000,"Out") -> 12026623 | K60: =SUMIFS(OUT!$F$2:$F$11000,OUT!$H$2:$H$11000,H60,OUT!$D$2:$D$11000,"Out",OUT!$E$2:$E$11000,"Fix") -> 2865413 | L60: =SUMIFS(OUT!$F$2:$F$11000,OUT!$H$2:$H$11000,H60,OUT!$D$2:$D$11000,"Out",OUT!$E$2:$E$11000,"Bathroom") -> 120488 | M60: =SUMIFS(OUT!$F$2:$F$11000,OUT!$H$2:$H$11000,H60,OUT!$D$2:$D$11000,"Out",OUT!$E$2:$E$11000,"Alfa") -> 890962 | N60: =SUMIFS(OUT!$F$2:$F$11000,OUT!$H$2:$H$101007,H60,OUT!$D$2:$D$11000,"Out",OUT!$E$2:$E$11000,"Jajan") -> #VALUE! | O60: =SUMIFS(OUT!$F$2:$F$11000,OUT!$H$2:$H$11000,H60,OUT!$D$2:$D$11000,"Out",OUT!$E$2:$E$11000,"Kitchen") -> 1152600 | P60: =SUMIFS(OUT!$F$2:$F$11000,OUT!$H$2:$H$11000,H60,OUT!$D$2:$D$11000,"Out",OUT!$E$2:$E$11000,"Loandry") -> 41000 | Q60: =SUMIFS(OUT!$F$2:$F$11000,OUT!$H$2:$H$11000,H60,OUT!$D$2:$D$11000,"Out",OUT!$E$2:$E$11000,"Mio") -> 895700 | R60: =SUMIFS(OUT!$F$2:$F$11000,OUT!$H$2:$H$11000,H60,OUT!$D$2:$D$11000,"Out",OUT!$E$2:$E$11000,"Sedekah") -> 130000 | S60: =SUMIFS(OUT!$F$2:$F$11000,OUT!$H$2:$H$11000,H60,OUT!$D$2:$D$11000,"Out",OUT!$E$2:$E$11000,"Zela") -> 215161 | T60: =SUMIFS(OUT!$F$2:$F$11000,OUT!$H$2:$H$11000,H60,OUT!$D$2:$D$11000,"Out",OUT!$E$2:$E$11000,"Iqbal") -> 215000
A61: =IFERROR(__xludf.DUMMYFUNCTION("""COMPUTED_VALUE"""),46086) -> 46086 | B61: =IFERROR(__xludf.DUMMYFUNCTION("""COMPUTED_VALUE"""),"Sewa Rumah Athaya 3 (Maret 2026)") -> Sewa Rumah Athaya 3 (Maret 2026) | C61: =IFERROR(__xludf.DUMMYFUNCTION("""COMPUTED_VALUE"""),"ATM") -> ATM | D61: =IFERROR(__xludf.DUMMYFUNCTION("""COMPUTED_VALUE"""),"Out") -> Out | E61: =IFERROR(__xludf.DUMMYFUNCTION("""COMPUTED_VALUE"""),"Fix") -> Fix | F61: =IFERROR(__xludf.DUMMYFUNCTION("""COMPUTED_VALUE"""),1000416) -> 1000416 | G61: =IFERROR(__xludf.DUMMYFUNCTION("""COMPUTED_VALUE"""),"Ibal") -> Ibal | H61: =IF(A61="","", DATE(YEAR(A61),MONTH(A61),1) ) -> 46082 | I61: =SUMIFS(OUT!$F$2:$F$11000,OUT!$H$2:$H$11000,H61,OUT!$D$2:$D$101007,"In") -> #VALUE! | J61: =SUMIFS(OUT!$F$2:$F$11000,OUT!$H$2:$H$11000,H61,OUT!$D$2:$D$11000,"Out") -> 12026623 | K61: =SUMIFS(OUT!$F$2:$F$11000,OUT!$H$2:$H$11000,H61,OUT!$D$2:$D$11000,"Out",OUT!$E$2:$E$11000,"Fix") -> 2865413 | L61: =SUMIFS(OUT!$F$2:$F$11000,OUT!$H$2:$H$11000,H61,OUT!$D$2:$D$11000,"Out",OUT!$E$2:$E$11000,"Bathroom") -> 120488 | M61: =SUMIFS(OUT!$F$2:$F$11000,OUT!$H$2:$H$11000,H61,OUT!$D$2:$D$11000,"Out",OUT!$E$2:$E$11000,"Alfa") -> 890962 | N61: =SUMIFS(OUT!$F$2:$F$11000,OUT!$H$2:$H$101007,H61,OUT!$D$2:$D$11000,"Out",OUT!$E$2:$E$11000,"Jajan") -> #VALUE! | O61: =SUMIFS(OUT!$F$2:$F$11000,OUT!$H$2:$H$11000,H61,OUT!$D$2:$D$11000,"Out",OUT!$E$2:$E$11000,"Kitchen") -> 1152600 | P61: =SUMIFS(OUT!$F$2:$F$11000,OUT!$H$2:$H$11000,H61,OUT!$D$2:$D$11000,"Out",OUT!$E$2:$E$11000,"Loandry") -> 41000 | Q61: =SUMIFS(OUT!$F$2:$F$11000,OUT!$H$2:$H$11000,H61,OUT!$D$2:$D$11000,"Out",OUT!$E$2:$E$11000,"Mio") -> 895700 | R61: =SUMIFS(OUT!$F$2:$F$11000,OUT!$H$2:$H$11000,H61,OUT!$D$2:$D$11000,"Out",OUT!$E$2:$E$11000,"Sedekah") -> 130000 | S61: =SUMIFS(OUT!$F$2:$F$11000,OUT!$H$2:$H$11000,H61,OUT!$D$2:$D$11000,"Out",OUT!$E$2:$E$11000,"Zela") -> 215161 | T61: =SUMIFS(OUT!$F$2:$F$11000,OUT!$H$2:$H$11000,H61,OUT!$D$2:$D$11000,"Out",OUT!$E$2:$E$11000,"Iqbal") -> 215000
A62: =IFERROR(__xludf.DUMMYFUNCTION("""COMPUTED_VALUE"""),46086) -> 46086 | B62: =IFERROR(__xludf.DUMMYFUNCTION("""COMPUTED_VALUE"""),"Iuran Athaya 3 (Maret 2026)") -> Iuran Athaya 3 (Maret 2026) | C62: =IFERROR(__xludf.DUMMYFUNCTION("""COMPUTED_VALUE"""),"ATM") -> ATM | D62: =IFERROR(__xludf.DUMMYFUNCTION("""COMPUTED_VALUE"""),"Out") -> Out | E62: =IFERROR(__xludf.DUMMYFUNCTION("""COMPUTED_VALUE"""),"Fix") -> Fix | F62: =IFERROR(__xludf.DUMMYFUNCTION("""COMPUTED_VALUE"""),75000) -> 75000 | G62: =IFERROR(__xludf.DUMMYFUNCTION("""COMPUTED_VALUE"""),"Ibal") -> Ibal | H62: =IF(A62="","", DATE(YEAR(A62),MONTH(A62),1) ) -> 46082 | I62: =SUMIFS(OUT!$F$2:$F$11000,OUT!$H$2:$H$11000,H62,OUT!$D$2:$D$101007,"In") -> #VALUE! | J62: =SUMIFS(OUT!$F$2:$F$11000,OUT!$H$2:$H$11000,H62,OUT!$D$2:$D$11000,"Out") -> 12026623 | K62: =SUMIFS(OUT!$F$2:$F$11000,OUT!$H$2:$H$11000,H62,OUT!$D$2:$D$11000,"Out",OUT!$E$2:$E$11000,"Fix") -> 2865413 | L62: =SUMIFS(OUT!$F$2:$F$11000,OUT!$H$2:$H$11000,H62,OUT!$D$2:$D$11000,"Out",OUT!$E$2:$E$11000,"Bathroom") -> 120488 | M62: =SUMIFS(OUT!$F$2:$F$11000,OUT!$H$2:$H$11000,H62,OUT!$D$2:$D$11000,"Out",OUT!$E$2:$E$11000,"Alfa") -> 890962 | N62: =SUMIFS(OUT!$F$2:$F$11000,OUT!$H$2:$H$101007,H62,OUT!$D$2:$D$11000,"Out",OUT!$E$2:$E$11000,"Jajan") -> #VALUE! | O62: =SUMIFS(OUT!$F$2:$F$11000,OUT!$H$2:$H$11000,H62,OUT!$D$2:$D$11000,"Out",OUT!$E$2:$E$11000,"Kitchen") -> 1152600 | P62: =SUMIFS(OUT!$F$2:$F$11000,OUT!$H$2:$H$11000,H62,OUT!$D$2:$D$11000,"Out",OUT!$E$2:$E$11000,"Loandry") -> 41000 | Q62: =SUMIFS(OUT!$F$2:$F$11000,OUT!$H$2:$H$11000,H62,OUT!$D$2:$D$11000,"Out",OUT!$E$2:$E$11000,"Mio") -> 895700 | R62: =SUMIFS(OUT!$F$2:$F$11000,OUT!$H$2:$H$11000,H62,OUT!$D$2:$D$11000,"Out",OUT!$E$2:$E$11000,"Sedekah") -> 130000 | S62: =SUMIFS(OUT!$F$2:$F$11000,OUT!$H$2:$H$11000,H62,OUT!$D$2:$D$11000,"Out",OUT!$E$2:$E$11000,"Zela") -> 215161 | T62: =SUMIFS(OUT!$F$2:$F$11000,OUT!$H$2:$H$11000,H62,OUT!$D$2:$D$11000,"Out",OUT!$E$2:$E$11000,"Iqbal") -> 215000
A63: =IFERROR(__xludf.DUMMYFUNCTION("""COMPUTED_VALUE"""),46085) -> 46085 | B63: =IFERROR(__xludf.DUMMYFUNCTION("""COMPUTED_VALUE"""),"Rokok") -> Rokok | C63: =IFERROR(__xludf.DUMMYFUNCTION("""COMPUTED_VALUE"""),"ATM") -> ATM | D63: =IFERROR(__xludf.DUMMYFUNCTION("""COMPUTED_VALUE"""),"Out") -> Out | E63: =IFERROR(__xludf.DUMMYFUNCTION("""COMPUTED_VALUE"""),"Iqbal") -> Iqbal | F63: =IFERROR(__xludf.DUMMYFUNCTION("""COMPUTED_VALUE"""),15000) -> 15000 | G63: =IFERROR(__xludf.DUMMYFUNCTION("""COMPUTED_VALUE"""),"Ibal") -> Ibal | H63: =IF(A63="","", DATE(YEAR(A63),MONTH(A63),1) ) -> 46082 | I63: =SUMIFS(OUT!$F$2:$F$11000,OUT!$H$2:$H$11000,H63,OUT!$D$2:$D$101007,"In") -> #VALUE! | J63: =SUMIFS(OUT!$F$2:$F$11000,OUT!$H$2:$H$11000,H63,OUT!$D$2:$D$11000,"Out") -> 12026623 | K63: =SUMIFS(OUT!$F$2:$F$11000,OUT!$H$2:$H$11000,H63,OUT!$D$2:$D$11000,"Out",OUT!$E$2:$E$11000,"Fix") -> 2865413 | L63: =SUMIFS(OUT!$F$2:$F$11000,OUT!$H$2:$H$11000,H63,OUT!$D$2:$D$11000,"Out",OUT!$E$2:$E$11000,"Bathroom") -> 120488 | M63: =SUMIFS(OUT!$F$2:$F$11000,OUT!$H$2:$H$11000,H63,OUT!$D$2:$D$11000,"Out",OUT!$E$2:$E$11000,"Alfa") -> 890962 | N63: =SUMIFS(OUT!$F$2:$F$11000,OUT!$H$2:$H$101007,H63,OUT!$D$2:$D$11000,"Out",OUT!$E$2:$E$11000,"Jajan") -> #VALUE! | O63: =SUMIFS(OUT!$F$2:$F$11000,OUT!$H$2:$H$11000,H63,OUT!$D$2:$D$11000,"Out",OUT!$E$2:$E$11000,"Kitchen") -> 1152600 | P63: =SUMIFS(OUT!$F$2:$F$11000,OUT!$H$2:$H$11000,H63,OUT!$D$2:$D$11000,"Out",OUT!$E$2:$E$11000,"Loandry") -> 41000 | Q63: =SUMIFS(OUT!$F$2:$F$11000,OUT!$H$2:$H$11000,H63,OUT!$D$2:$D$11000,"Out",OUT!$E$2:$E$11000,"Mio") -> 895700 | R63: =SUMIFS(OUT!$F$2:$F$11000,OUT!$H$2:$H$11000,H63,OUT!$D$2:$D$11000,"Out",OUT!$E$2:$E$11000,"Sedekah") -> 130000 | S63: =SUMIFS(OUT!$F$2:$F$11000,OUT!$H$2:$H$11000,H63,OUT!$D$2:$D$11000,"Out",OUT!$E$2:$E$11000,"Zela") -> 215161 | T63: =SUMIFS(OUT!$F$2:$F$11000,OUT!$H$2:$H$11000,H63,OUT!$D$2:$D$11000,"Out",OUT!$E$2:$E$11000,"Iqbal") -> 215000
A64: =IFERROR(__xludf.DUMMYFUNCTION("""COMPUTED_VALUE"""),46086) -> 46086 | B64: =IFERROR(__xludf.DUMMYFUNCTION("""COMPUTED_VALUE"""),"Teh telor") -> Teh telor | C64: =IFERROR(__xludf.DUMMYFUNCTION("""COMPUTED_VALUE"""),"ATM") -> ATM | D64: =IFERROR(__xludf.DUMMYFUNCTION("""COMPUTED_VALUE"""),"Out") -> Out | E64: =IFERROR(__xludf.DUMMYFUNCTION("""COMPUTED_VALUE"""),"Jajan") -> Jajan | F64: =IFERROR(__xludf.DUMMYFUNCTION("""COMPUTED_VALUE"""),10000) -> 10000 | G64: =IFERROR(__xludf.DUMMYFUNCTION("""COMPUTED_VALUE"""),"Ibal") -> Ibal | H64: =IF(A64="","", DATE(YEAR(A64),MONTH(A64),1) ) -> 46082 | I64: =SUMIFS(OUT!$F$2:$F$11000,OUT!$H$2:$H$11000,H64,OUT!$D$2:$D$101007,"In") -> #VALUE! | J64: =SUMIFS(OUT!$F$2:$F$11000,OUT!$H$2:$H$11000,H64,OUT!$D$2:$D$11000,"Out") -> 12026623 | K64: =SUMIFS(OUT!$F$2:$F$11000,OUT!$H$2:$H$11000,H64,OUT!$D$2:$D$11000,"Out",OUT!$E$2:$E$11000,"Fix") -> 2865413 | L64: =SUMIFS(OUT!$F$2:$F$11000,OUT!$H$2:$H$11000,H64,OUT!$D$2:$D$11000,"Out",OUT!$E$2:$E$11000,"Bathroom") -> 120488 | M64: =SUMIFS(OUT!$F$2:$F$11000,OUT!$H$2:$H$11000,H64,OUT!$D$2:$D$11000,"Out",OUT!$E$2:$E$11000,"Alfa") -> 890962 | N64: =SUMIFS(OUT!$F$2:$F$11000,OUT!$H$2:$H$101007,H64,OUT!$D$2:$D$11000,"Out",OUT!$E$2:$E$11000,"Jajan") -> #VALUE! | O64: =SUMIFS(OUT!$F$2:$F$11000,OUT!$H$2:$H$11000,H64,OUT!$D$2:$D$11000,"Out",OUT!$E$2:$E$11000,"Kitchen") -> 1152600 | P64: =SUMIFS(OUT!$F$2:$F$11000,OUT!$H$2:$H$11000,H64,OUT!$D$2:$D$11000,"Out",OUT!$E$2:$E$11000,"Loandry") -> 41000 | Q64: =SUMIFS(OUT!$F$2:$F$11000,OUT!$H$2:$H$11000,H64,OUT!$D$2:$D$11000,"Out",OUT!$E$2:$E$11000,"Mio") -> 895700 | R64: =SUMIFS(OUT!$F$2:$F$11000,OUT!$H$2:$H$11000,H64,OUT!$D$2:$D$11000,"Out",OUT!$E$2:$E$11000,"Sedekah") -> 130000 | S64: =SUMIFS(OUT!$F$2:$F$11000,OUT!$H$2:$H$11000,H64,OUT!$D$2:$D$11000,"Out",OUT!$E$2:$E$11000,"Zela") -> 215161 | T64: =SUMIFS(OUT!$F$2:$F$11000,OUT!$H$2:$H$11000,H64,OUT!$D$2:$D$11000,"Out",OUT!$E$2:$E$11000,"Iqbal") -> 215000
A65: =IFERROR(__xludf.DUMMYFUNCTION("""COMPUTED_VALUE"""),46087) -> 46087 | B65: =IFERROR(__xludf.DUMMYFUNCTION("""COMPUTED_VALUE"""),"Token listrik 200k") -> Token listrik 200k | C65: =IFERROR(__xludf.DUMMYFUNCTION("""COMPUTED_VALUE"""),"ATM") -> ATM | D65: =IFERROR(__xludf.DUMMYFUNCTION("""COMPUTED_VALUE"""),"Out") -> Out | E65: =IFERROR(__xludf.DUMMYFUNCTION("""COMPUTED_VALUE"""),"Fix") -> Fix | F65: =IFERROR(__xludf.DUMMYFUNCTION("""COMPUTED_VALUE"""),201750) -> 201750 | G65: =IFERROR(__xludf.DUMMYFUNCTION("""COMPUTED_VALUE"""),"Ibal") -> Ibal | H65: =IF(A65="","", DATE(YEAR(A65),MONTH(A65),1) ) -> 46082 | I65: =SUMIFS(OUT!$F$2:$F$11000,OUT!$H$2:$H$11000,H65,OUT!$D$2:$D$101007,"In") -> #VALUE! | J65: =SUMIFS(OUT!$F$2:$F$11000,OUT!$H$2:$H$11000,H65,OUT!$D$2:$D$11000,"Out") -> 12026623 | K65: =SUMIFS(OUT!$F$2:$F$11000,OUT!$H$2:$H$11000,H65,OUT!$D$2:$D$11000,"Out",OUT!$E$2:$E$11000,"Fix") -> 2865413 | L65: =SUMIFS(OUT!$F$2:$F$11000,OUT!$H$2:$H$11000,H65,OUT!$D$2:$D$11000,"Out",OUT!$E$2:$E$11000,"Bathroom") -> 120488 | M65: =SUMIFS(OUT!$F$2:$F$11000,OUT!$H$2:$H$11000,H65,OUT!$D$2:$D$11000,"Out",OUT!$E$2:$E$11000,"Alfa") -> 890962 | N65: =SUMIFS(OUT!$F$2:$F$11000,OUT!$H$2:$H$101007,H65,OUT!$D$2:$D$11000,"Out",OUT!$E$2:$E$11000,"Jajan") -> #VALUE! | O65: =SUMIFS(OUT!$F$2:$F$11000,OUT!$H$2:$H$11000,H65,OUT!$D$2:$D$11000,"Out",OUT!$E$2:$E$11000,"Kitchen") -> 1152600 | P65: =SUMIFS(OUT!$F$2:$F$11000,OUT!$H$2:$H$11000,H65,OUT!$D$2:$D$11000,"Out",OUT!$E$2:$E$11000,"Loandry") -> 41000 | Q65: =SUMIFS(OUT!$F$2:$F$11000,OUT!$H$2:$H$11000,H65,OUT!$D$2:$D$11000,"Out",OUT!$E$2:$E$11000,"Mio") -> 895700 | R65: =SUMIFS(OUT!$F$2:$F$11000,OUT!$H$2:$H$11000,H65,OUT!$D$2:$D$11000,"Out",OUT!$E$2:$E$11000,"Sedekah") -> 130000 | S65: =SUMIFS(OUT!$F$2:$F$11000,OUT!$H$2:$H$11000,H65,OUT!$D$2:$D$11000,"Out",OUT!$E$2:$E$11000,"Zela") -> 215161 | T65: =SUMIFS(OUT!$F$2:$F$11000,OUT!$H$2:$H$11000,H65,OUT!$D$2:$D$11000,"Out",OUT!$E$2:$E$11000,"Iqbal") -> 215000
A66: =IFERROR(__xludf.DUMMYFUNCTION("""COMPUTED_VALUE"""),46087) -> 46087 | B66: =IFERROR(__xludf.DUMMYFUNCTION("""COMPUTED_VALUE"""),"Rokok") -> Rokok | C66: =IFERROR(__xludf.DUMMYFUNCTION("""COMPUTED_VALUE"""),"ATM") -> ATM | D66: =IFERROR(__xludf.DUMMYFUNCTION("""COMPUTED_VALUE"""),"Out") -> Out | E66: =IFERROR(__xludf.DUMMYFUNCTION("""COMPUTED_VALUE"""),"Iqbal") -> Iqbal | F66: =IFERROR(__xludf.DUMMYFUNCTION("""COMPUTED_VALUE"""),15000) -> 15000 | G66: =IFERROR(__xludf.DUMMYFUNCTION("""COMPUTED_VALUE"""),"Ibal") -> Ibal | H66: =IF(A66="","", DATE(YEAR(A66),MONTH(A66),1) ) -> 46082 | I66: =SUMIFS(OUT!$F$2:$F$11000,OUT!$H$2:$H$11000,H66,OUT!$D$2:$D$101007,"In") -> #VALUE! | J66: =SUMIFS(OUT!$F$2:$F$11000,OUT!$H$2:$H$11000,H66,OUT!$D$2:$D$11000,"Out") -> 12026623 | K66: =SUMIFS(OUT!$F$2:$F$11000,OUT!$H$2:$H$11000,H66,OUT!$D$2:$D$11000,"Out",OUT!$E$2:$E$11000,"Fix") -> 2865413 | L66: =SUMIFS(OUT!$F$2:$F$11000,OUT!$H$2:$H$11000,H66,OUT!$D$2:$D$11000,"Out",OUT!$E$2:$E$11000,"Bathroom") -> 120488 | M66: =SUMIFS(OUT!$F$2:$F$11000,OUT!$H$2:$H$11000,H66,OUT!$D$2:$D$11000,"Out",OUT!$E$2:$E$11000,"Alfa") -> 890962 | N66: =SUMIFS(OUT!$F$2:$F$11000,OUT!$H$2:$H$101007,H66,OUT!$D$2:$D$11000,"Out",OUT!$E$2:$E$11000,"Jajan") -> #VALUE! | O66: =SUMIFS(OUT!$F$2:$F$11000,OUT!$H$2:$H$11000,H66,OUT!$D$2:$D$11000,"Out",OUT!$E$2:$E$11000,"Kitchen") -> 1152600 | P66: =SUMIFS(OUT!$F$2:$F$11000,OUT!$H$2:$H$11000,H66,OUT!$D$2:$D$11000,"Out",OUT!$E$2:$E$11000,"Loandry") -> 41000 | Q66: =SUMIFS(OUT!$F$2:$F$11000,OUT!$H$2:$H$11000,H66,OUT!$D$2:$D$11000,"Out",OUT!$E$2:$E$11000,"Mio") -> 895700 | R66: =SUMIFS(OUT!$F$2:$F$11000,OUT!$H$2:$H$11000,H66,OUT!$D$2:$D$11000,"Out",OUT!$E$2:$E$11000,"Sedekah") -> 130000 | S66: =SUMIFS(OUT!$F$2:$F$11000,OUT!$H$2:$H$11000,H66,OUT!$D$2:$D$11000,"Out",OUT!$E$2:$E$11000,"Zela") -> 215161 | T66: =SUMIFS(OUT!$F$2:$F$11000,OUT!$H$2:$H$11000,H66,OUT!$D$2:$D$11000,"Out",OUT!$E$2:$E$11000,"Iqbal") -> 215000
A67: =IFERROR(__xludf.DUMMYFUNCTION("""COMPUTED_VALUE"""),46087) -> 46087 | B67: =IFERROR(__xludf.DUMMYFUNCTION("""COMPUTED_VALUE"""),"Tarik tunai") -> Tarik tunai | C67: =IFERROR(__xludf.DUMMYFUNCTION("""COMPUTED_VALUE"""),"ATM") -> ATM | D67: =IFERROR(__xludf.DUMMYFUNCTION("""COMPUTED_VALUE"""),"Out") -> Out | E67: =IFERROR(__xludf.DUMMYFUNCTION("""COMPUTED_VALUE"""),"Move") -> Move | F67: =IFERROR(__xludf.DUMMYFUNCTION("""COMPUTED_VALUE"""),50000) -> 50000 | G67: =IFERROR(__xludf.DUMMYFUNCTION("""COMPUTED_VALUE"""),"Ibal") -> Ibal | H67: =IF(A67="","", DATE(YEAR(A67),MONTH(A67),1) ) -> 46082 | I67: =SUMIFS(OUT!$F$2:$F$11000,OUT!$H$2:$H$11000,H67,OUT!$D$2:$D$101007,"In") -> #VALUE! | J67: =SUMIFS(OUT!$F$2:$F$11000,OUT!$H$2:$H$11000,H67,OUT!$D$2:$D$11000,"Out") -> 12026623 | K67: =SUMIFS(OUT!$F$2:$F$11000,OUT!$H$2:$H$11000,H67,OUT!$D$2:$D$11000,"Out",OUT!$E$2:$E$11000,"Fix") -> 2865413 | L67: =SUMIFS(OUT!$F$2:$F$11000,OUT!$H$2:$H$11000,H67,OUT!$D$2:$D$11000,"Out",OUT!$E$2:$E$11000,"Bathroom") -> 120488 | M67: =SUMIFS(OUT!$F$2:$F$11000,OUT!$H$2:$H$11000,H67,OUT!$D$2:$D$11000,"Out",OUT!$E$2:$E$11000,"Alfa") -> 890962 | N67: =SUMIFS(OUT!$F$2:$F$11000,OUT!$H$2:$H$101007,H67,OUT!$D$2:$D$11000,"Out",OUT!$E$2:$E$11000,"Jajan") -> #VALUE! | O67: =SUMIFS(OUT!$F$2:$F$11000,OUT!$H$2:$H$11000,H67,OUT!$D$2:$D$11000,"Out",OUT!$E$2:$E$11000,"Kitchen") -> 1152600 | P67: =SUMIFS(OUT!$F$2:$F$11000,OUT!$H$2:$H$11000,H67,OUT!$D$2:$D$11000,"Out",OUT!$E$2:$E$11000,"Loandry") -> 41000 | Q67: =SUMIFS(OUT!$F$2:$F$11000,OUT!$H$2:$H$11000,H67,OUT!$D$2:$D$11000,"Out",OUT!$E$2:$E$11000,"Mio") -> 895700 | R67: =SUMIFS(OUT!$F$2:$F$11000,OUT!$H$2:$H$11000,H67,OUT!$D$2:$D$11000,"Out",OUT!$E$2:$E$11000,"Sedekah") -> 130000 | S67: =SUMIFS(OUT!$F$2:$F$11000,OUT!$H$2:$H$11000,H67,OUT!$D$2:$D$11000,"Out",OUT!$E$2:$E$11000,"Zela") -> 215161 | T67: =SUMIFS(OUT!$F$2:$F$11000,OUT!$H$2:$H$11000,H67,OUT!$D$2:$D$11000,"Out",OUT!$E$2:$E$11000,"Iqbal") -> 215000
A68: =IFERROR(__xludf.DUMMYFUNCTION("""COMPUTED_VALUE"""),46087) -> 46087 | B68: =IFERROR(__xludf.DUMMYFUNCTION("""COMPUTED_VALUE"""),"Terima tunai") -> Terima tunai | C68: =IFERROR(__xludf.DUMMYFUNCTION("""COMPUTED_VALUE"""),"Cash") -> Cash | D68: =IFERROR(__xludf.DUMMYFUNCTION("""COMPUTED_VALUE"""),"In") -> In | E68: =IFERROR(__xludf.DUMMYFUNCTION("""COMPUTED_VALUE"""),"Move") -> Move | F68: =IFERROR(__xludf.DUMMYFUNCTION("""COMPUTED_VALUE"""),50000) -> 50000 | G68: =IFERROR(__xludf.DUMMYFUNCTION("""COMPUTED_VALUE"""),"Ibal") -> Ibal | H68: =IF(A68="","", DATE(YEAR(A68),MONTH(A68),1) ) -> 46082 | I68: =SUMIFS(OUT!$F$2:$F$11000,OUT!$H$2:$H$11000,H68,OUT!$D$2:$D$101007,"In") -> #VALUE! | J68: =SUMIFS(OUT!$F$2:$F$11000,OUT!$H$2:$H$11000,H68,OUT!$D$2:$D$11000,"Out") -> 12026623 | K68: =SUMIFS(OUT!$F$2:$F$11000,OUT!$H$2:$H$11000,H68,OUT!$D$2:$D$11000,"Out",OUT!$E$2:$E$11000,"Fix") -> 2865413 | L68: =SUMIFS(OUT!$F$2:$F$11000,OUT!$H$2:$H$11000,H68,OUT!$D$2:$D$11000,"Out",OUT!$E$2:$E$11000,"Bathroom") -> 120488 | M68: =SUMIFS(OUT!$F$2:$F$11000,OUT!$H$2:$H$11000,H68,OUT!$D$2:$D$11000,"Out",OUT!$E$2:$E$11000,"Alfa") -> 890962 | N68: =SUMIFS(OUT!$F$2:$F$11000,OUT!$H$2:$H$101007,H68,OUT!$D$2:$D$11000,"Out",OUT!$E$2:$E$11000,"Jajan") -> #VALUE! | O68: =SUMIFS(OUT!$F$2:$F$11000,OUT!$H$2:$H$11000,H68,OUT!$D$2:$D$11000,"Out",OUT!$E$2:$E$11000,"Kitchen") -> 1152600 | P68: =SUMIFS(OUT!$F$2:$F$11000,OUT!$H$2:$H$11000,H68,OUT!$D$2:$D$11000,"Out",OUT!$E$2:$E$11000,"Loandry") -> 41000 | Q68: =SUMIFS(OUT!$F$2:$F$11000,OUT!$H$2:$H$11000,H68,OUT!$D$2:$D$11000,"Out",OUT!$E$2:$E$11000,"Mio") -> 895700 | R68: =SUMIFS(OUT!$F$2:$F$11000,OUT!$H$2:$H$11000,H68,OUT!$D$2:$D$11000,"Out",OUT!$E$2:$E$11000,"Sedekah") -> 130000 | S68: =SUMIFS(OUT!$F$2:$F$11000,OUT!$H$2:$H$11000,H68,OUT!$D$2:$D$11000,"Out",OUT!$E$2:$E$11000,"Zela") -> 215161 | T68: =SUMIFS(OUT!$F$2:$F$11000,OUT!$H$2:$H$11000,H68,OUT!$D$2:$D$11000,"Out",OUT!$E$2:$E$11000,"Iqbal") -> 215000
A69: =IFERROR(__xludf.DUMMYFUNCTION("""COMPUTED_VALUE"""),46087) -> 46087 | B69: =IFERROR(__xludf.DUMMYFUNCTION("""COMPUTED_VALUE"""),"Kopi 2 (7000)") -> Kopi 2 (7000) | C69: =IFERROR(__xludf.DUMMYFUNCTION("""COMPUTED_VALUE"""),"Cash") -> Cash | D69: =IFERROR(__xludf.DUMMYFUNCTION("""COMPUTED_VALUE"""),"Out") -> Out | E69: =IFERROR(__xludf.DUMMYFUNCTION("""COMPUTED_VALUE"""),"Jajan") -> Jajan | F69: =IFERROR(__xludf.DUMMYFUNCTION("""COMPUTED_VALUE"""),14000) -> 14000 | G69: =IFERROR(__xludf.DUMMYFUNCTION("""COMPUTED_VALUE"""),"Ibal") -> Ibal | H69: =IF(A69="","", DATE(YEAR(A69),MONTH(A69),1) ) -> 46082 | I69: =SUMIFS(OUT!$F$2:$F$11000,OUT!$H$2:$H$11000,H69,OUT!$D$2:$D$101007,"In") -> #VALUE! | J69: =SUMIFS(OUT!$F$2:$F$11000,OUT!$H$2:$H$11000,H69,OUT!$D$2:$D$11000,"Out") -> 12026623 | K69: =SUMIFS(OUT!$F$2:$F$11000,OUT!$H$2:$H$11000,H69,OUT!$D$2:$D$11000,"Out",OUT!$E$2:$E$11000,"Fix") -> 2865413 | L69: =SUMIFS(OUT!$F$2:$F$11000,OUT!$H$2:$H$11000,H69,OUT!$D$2:$D$11000,"Out",OUT!$E$2:$E$11000,"Bathroom") -> 120488 | M69: =SUMIFS(OUT!$F$2:$F$11000,OUT!$H$2:$H$11000,H69,OUT!$D$2:$D$11000,"Out",OUT!$E$2:$E$11000,"Alfa") -> 890962 | N69: =SUMIFS(OUT!$F$2:$F$11000,OUT!$H$2:$H$101007,H69,OUT!$D$2:$D$11000,"Out",OUT!$E$2:$E$11000,"Jajan") -> #VALUE! | O69: =SUMIFS(OUT!$F$2:$F$11000,OUT!$H$2:$H$11000,H69,OUT!$D$2:$D$11000,"Out",OUT!$E$2:$E$11000,"Kitchen") -> 1152600 | P69: =SUMIFS(OUT!$F$2:$F$11000,OUT!$H$2:$H$11000,H69,OUT!$D$2:$D$11000,"Out",OUT!$E$2:$E$11000,"Loandry") -> 41000 | Q69: =SUMIFS(OUT!$F$2:$F$11000,OUT!$H$2:$H$11000,H69,OUT!$D$2:$D$11000,"Out",OUT!$E$2:$E$11000,"Mio") -> 895700 | R69: =SUMIFS(OUT!$F$2:$F$11000,OUT!$H$2:$H$11000,H69,OUT!$D$2:$D$11000,"Out",OUT!$E$2:$E$11000,"Sedekah") -> 130000 | S69: =SUMIFS(OUT!$F$2:$F$11000,OUT!$H$2:$H$11000,H69,OUT!$D$2:$D$11000,"Out",OUT!$E$2:$E$11000,"Zela") -> 215161 | T69: =SUMIFS(OUT!$F$2:$F$11000,OUT!$H$2:$H$11000,H69,OUT!$D$2:$D$11000,"Out",OUT!$E$2:$E$11000,"Iqbal") -> 215000
A70: =IFERROR(__xludf.DUMMYFUNCTION("""COMPUTED_VALUE"""),46087) -> 46087 | B70: =IFERROR(__xludf.DUMMYFUNCTION("""COMPUTED_VALUE"""),"gula seperempat") -> gula seperempat | C70: =IFERROR(__xludf.DUMMYFUNCTION("""COMPUTED_VALUE"""),"Cash") -> Cash | D70: =IFERROR(__xludf.DUMMYFUNCTION("""COMPUTED_VALUE"""),"Out") -> Out | E70: =IFERROR(__xludf.DUMMYFUNCTION("""COMPUTED_VALUE"""),"Kitchen") -> Kitchen | F70: =IFERROR(__xludf.DUMMYFUNCTION("""COMPUTED_VALUE"""),5000) -> 5000 | G70: =IFERROR(__xludf.DUMMYFUNCTION("""COMPUTED_VALUE"""),"Ibal") -> Ibal | H70: =IF(A70="","", DATE(YEAR(A70),MONTH(A70),1) ) -> 46082 | I70: =SUMIFS(OUT!$F$2:$F$11000,OUT!$H$2:$H$11000,H70,OUT!$D$2:$D$101007,"In") -> #VALUE! | J70: =SUMIFS(OUT!$F$2:$F$11000,OUT!$H$2:$H$11000,H70,OUT!$D$2:$D$11000,"Out") -> 12026623 | K70: =SUMIFS(OUT!$F$2:$F$11000,OUT!$H$2:$H$11000,H70,OUT!$D$2:$D$11000,"Out",OUT!$E$2:$E$11000,"Fix") -> 2865413 | L70: =SUMIFS(OUT!$F$2:$F$11000,OUT!$H$2:$H$11000,H70,OUT!$D$2:$D$11000,"Out",OUT!$E$2:$E$11000,"Bathroom") -> 120488 | M70: =SUMIFS(OUT!$F$2:$F$11000,OUT!$H$2:$H$11000,H70,OUT!$D$2:$D$11000,"Out",OUT!$E$2:$E$11000,"Alfa") -> 890962 | N70: =SUMIFS(OUT!$F$2:$F$11000,OUT!$H$2:$H$101007,H70,OUT!$D$2:$D$11000,"Out",OUT!$E$2:$E$11000,"Jajan") -> #VALUE! | O70: =SUMIFS(OUT!$F$2:$F$11000,OUT!$H$2:$H$11000,H70,OUT!$D$2:$D$11000,"Out",OUT!$E$2:$E$11000,"Kitchen") -> 1152600 | P70: =SUMIFS(OUT!$F$2:$F$11000,OUT!$H$2:$H$11000,H70,OUT!$D$2:$D$11000,"Out",OUT!$E$2:$E$11000,"Loandry") -> 41000 | Q70: =SUMIFS(OUT!$F$2:$F$11000,OUT!$H$2:$H$11000,H70,OUT!$D$2:$D$11000,"Out",OUT!$E$2:$E$11000,"Mio") -> 895700 | R70: =SUMIFS(OUT!$F$2:$F$11000,OUT!$H$2:$H$11000,H70,OUT!$D$2:$D$11000,"Out",OUT!$E$2:$E$11000,"Sedekah") -> 130000 | S70: =SUMIFS(OUT!$F$2:$F$11000,OUT!$H$2:$H$11000,H70,OUT!$D$2:$D$11000,"Out",OUT!$E$2:$E$11000,"Zela") -> 215161 | T70: =SUMIFS(OUT!$F$2:$F$11000,OUT!$H$2:$H$11000,H70,OUT!$D$2:$D$11000,"Out",OUT!$E$2:$E$11000,"Iqbal") -> 215000
A71: =IFERROR(__xludf.DUMMYFUNCTION("""COMPUTED_VALUE"""),46087) -> 46087 | B71: =IFERROR(__xludf.DUMMYFUNCTION("""COMPUTED_VALUE"""),"rak dinding untuk modem wifi") -> rak dinding untuk modem wifi | C71: =IFERROR(__xludf.DUMMYFUNCTION("""COMPUTED_VALUE"""),"ATM") -> ATM | D71: =IFERROR(__xludf.DUMMYFUNCTION("""COMPUTED_VALUE"""),"Out") -> Out | E71: =IFERROR(__xludf.DUMMYFUNCTION("""COMPUTED_VALUE"""),"Jajan") -> Jajan | F71: =IFERROR(__xludf.DUMMYFUNCTION("""COMPUTED_VALUE"""),36999) -> 36999 | G71: =IFERROR(__xludf.DUMMYFUNCTION("""COMPUTED_VALUE"""),"Ibal") -> Ibal | H71: =IF(A71="","", DATE(YEAR(A71),MONTH(A71),1) ) -> 46082 | I71: =SUMIFS(OUT!$F$2:$F$11000,OUT!$H$2:$H$11000,H71,OUT!$D$2:$D$101007,"In") -> #VALUE! | J71: =SUMIFS(OUT!$F$2:$F$11000,OUT!$H$2:$H$11000,H71,OUT!$D$2:$D$11000,"Out") -> 12026623 | K71: =SUMIFS(OUT!$F$2:$F$11000,OUT!$H$2:$H$11000,H71,OUT!$D$2:$D$11000,"Out",OUT!$E$2:$E$11000,"Fix") -> 2865413 | L71: =SUMIFS(OUT!$F$2:$F$11000,OUT!$H$2:$H$11000,H71,OUT!$D$2:$D$11000,"Out",OUT!$E$2:$E$11000,"Bathroom") -> 120488 | M71: =SUMIFS(OUT!$F$2:$F$11000,OUT!$H$2:$H$11000,H71,OUT!$D$2:$D$11000,"Out",OUT!$E$2:$E$11000,"Alfa") -> 890962 | N71: =SUMIFS(OUT!$F$2:$F$11000,OUT!$H$2:$H$101007,H71,OUT!$D$2:$D$11000,"Out",OUT!$E$2:$E$11000,"Jajan") -> #VALUE! | O71: =SUMIFS(OUT!$F$2:$F$11000,OUT!$H$2:$H$11000,H71,OUT!$D$2:$D$11000,"Out",OUT!$E$2:$E$11000,"Kitchen") -> 1152600 | P71: =SUMIFS(OUT!$F$2:$F$11000,OUT!$H$2:$H$11000,H71,OUT!$D$2:$D$11000,"Out",OUT!$E$2:$E$11000,"Loandry") -> 41000 | Q71: =SUMIFS(OUT!$F$2:$F$11000,OUT!$H$2:$H$11000,H71,OUT!$D$2:$D$11000,"Out",OUT!$E$2:$E$11000,"Mio") -> 895700 | R71: =SUMIFS(OUT!$F$2:$F$11000,OUT!$H$2:$H$11000,H71,OUT!$D$2:$D$11000,"Out",OUT!$E$2:$E$11000,"Sedekah") -> 130000 | S71: =SUMIFS(OUT!$F$2:$F$11000,OUT!$H$2:$H$11000,H71,OUT!$D$2:$D$11000,"Out",OUT!$E$2:$E$11000,"Zela") -> 215161 | T71: =SUMIFS(OUT!$F$2:$F$11000,OUT!$H$2:$H$11000,H71,OUT!$D$2:$D$11000,"Out",OUT!$E$2:$E$11000,"Iqbal") -> 215000
A72: =IFERROR(__xludf.DUMMYFUNCTION("""COMPUTED_VALUE"""),46089) -> 46089 | B72: =IFERROR(__xludf.DUMMYFUNCTION("""COMPUTED_VALUE"""),"Pertamax") -> Pertamax | C72: =IFERROR(__xludf.DUMMYFUNCTION("""COMPUTED_VALUE"""),"Cash") -> Cash | D72: =IFERROR(__xludf.DUMMYFUNCTION("""COMPUTED_VALUE"""),"Out") -> Out | E72: =IFERROR(__xludf.DUMMYFUNCTION("""COMPUTED_VALUE"""),"Mio") -> Mio | F72: =IFERROR(__xludf.DUMMYFUNCTION("""COMPUTED_VALUE"""),20000) -> 20000 | G72: =IFERROR(__xludf.DUMMYFUNCTION("""COMPUTED_VALUE"""),"Ibal") -> Ibal | H72: =IF(A72="","", DATE(YEAR(A72),MONTH(A72),1) ) -> 46082 | I72: =SUMIFS(OUT!$F$2:$F$11000,OUT!$H$2:$H$11000,H72,OUT!$D$2:$D$101007,"In") -> #VALUE! | J72: =SUMIFS(OUT!$F$2:$F$11000,OUT!$H$2:$H$11000,H72,OUT!$D$2:$D$11000,"Out") -> 12026623 | K72: =SUMIFS(OUT!$F$2:$F$11000,OUT!$H$2:$H$11000,H72,OUT!$D$2:$D$11000,"Out",OUT!$E$2:$E$11000,"Fix") -> 2865413 | L72: =SUMIFS(OUT!$F$2:$F$11000,OUT!$H$2:$H$11000,H72,OUT!$D$2:$D$11000,"Out",OUT!$E$2:$E$11000,"Bathroom") -> 120488 | M72: =SUMIFS(OUT!$F$2:$F$11000,OUT!$H$2:$H$11000,H72,OUT!$D$2:$D$11000,"Out",OUT!$E$2:$E$11000,"Alfa") -> 890962 | N72: =SUMIFS(OUT!$F$2:$F$11000,OUT!$H$2:$H$101007,H72,OUT!$D$2:$D$11000,"Out",OUT!$E$2:$E$11000,"Jajan") -> #VALUE! | O72: =SUMIFS(OUT!$F$2:$F$11000,OUT!$H$2:$H$11000,H72,OUT!$D$2:$D$11000,"Out",OUT!$E$2:$E$11000,"Kitchen") -> 1152600 | P72: =SUMIFS(OUT!$F$2:$F$11000,OUT!$H$2:$H$11000,H72,OUT!$D$2:$D$11000,"Out",OUT!$E$2:$E$11000,"Loandry") -> 41000 | Q72: =SUMIFS(OUT!$F$2:$F$11000,OUT!$H$2:$H$11000,H72,OUT!$D$2:$D$11000,"Out",OUT!$E$2:$E$11000,"Mio") -> 895700 | R72: =SUMIFS(OUT!$F$2:$F$11000,OUT!$H$2:$H$11000,H72,OUT!$D$2:$D$11000,"Out",OUT!$E$2:$E$11000,"Sedekah") -> 130000 | S72: =SUMIFS(OUT!$F$2:$F$11000,OUT!$H$2:$H$11000,H72,OUT!$D$2:$D$11000,"Out",OUT!$E$2:$E$11000,"Zela") -> 215161 | T72: =SUMIFS(OUT!$F$2:$F$11000,OUT!$H$2:$H$11000,H72,OUT!$D$2:$D$11000,"Out",OUT!$E$2:$E$11000,"Iqbal") -> 215000
A73: =IFERROR(__xludf.DUMMYFUNCTION("""COMPUTED_VALUE"""),46089) -> 46089 | B73: =IFERROR(__xludf.DUMMYFUNCTION("""COMPUTED_VALUE"""),"Istriku") -> Istriku | C73: =IFERROR(__xludf.DUMMYFUNCTION("""COMPUTED_VALUE"""),"Cash") -> Cash | D73: =IFERROR(__xludf.DUMMYFUNCTION("""COMPUTED_VALUE"""),"In") -> In | E73: =IFERROR(__xludf.DUMMYFUNCTION("""COMPUTED_VALUE"""),"Move") -> Move | F73: =IFERROR(__xludf.DUMMYFUNCTION("""COMPUTED_VALUE"""),5000) -> 5000 | G73: =IFERROR(__xludf.DUMMYFUNCTION("""COMPUTED_VALUE"""),"Ibal") -> Ibal | H73: =IF(A73="","", DATE(YEAR(A73),MONTH(A73),1) ) -> 46082 | I73: =SUMIFS(OUT!$F$2:$F$11000,OUT!$H$2:$H$11000,H73,OUT!$D$2:$D$101007,"In") -> #VALUE! | J73: =SUMIFS(OUT!$F$2:$F$11000,OUT!$H$2:$H$11000,H73,OUT!$D$2:$D$11000,"Out") -> 12026623 | K73: =SUMIFS(OUT!$F$2:$F$11000,OUT!$H$2:$H$11000,H73,OUT!$D$2:$D$11000,"Out",OUT!$E$2:$E$11000,"Fix") -> 2865413 | L73: =SUMIFS(OUT!$F$2:$F$11000,OUT!$H$2:$H$11000,H73,OUT!$D$2:$D$11000,"Out",OUT!$E$2:$E$11000,"Bathroom") -> 120488 | M73: =SUMIFS(OUT!$F$2:$F$11000,OUT!$H$2:$H$11000,H73,OUT!$D$2:$D$11000,"Out",OUT!$E$2:$E$11000,"Alfa") -> 890962 | N73: =SUMIFS(OUT!$F$2:$F$11000,OUT!$H$2:$H$101007,H73,OUT!$D$2:$D$11000,"Out",OUT!$E$2:$E$11000,"Jajan") -> #VALUE! | O73: =SUMIFS(OUT!$F$2:$F$11000,OUT!$H$2:$H$11000,H73,OUT!$D$2:$D$11000,"Out",OUT!$E$2:$E$11000,"Kitchen") -> 1152600 | P73: =SUMIFS(OUT!$F$2:$F$11000,OUT!$H$2:$H$11000,H73,OUT!$D$2:$D$11000,"Out",OUT!$E$2:$E$11000,"Loandry") -> 41000 | Q73: =SUMIFS(OUT!$F$2:$F$11000,OUT!$H$2:$H$11000,H73,OUT!$D$2:$D$11000,"Out",OUT!$E$2:$E$11000,"Mio") -> 895700 | R73: =SUMIFS(OUT!$F$2:$F$11000,OUT!$H$2:$H$11000,H73,OUT!$D$2:$D$11000,"Out",OUT!$E$2:$E$11000,"Sedekah") -> 130000 | S73: =SUMIFS(OUT!$F$2:$F$11000,OUT!$H$2:$H$11000,H73,OUT!$D$2:$D$11000,"Out",OUT!$E$2:$E$11000,"Zela") -> 215161 | T73: =SUMIFS(OUT!$F$2:$F$11000,OUT!$H$2:$H$11000,H73,OUT!$D$2:$D$11000,"Out",OUT!$E$2:$E$11000,"Iqbal") -> 215000
A74: =IFERROR(__xludf.DUMMYFUNCTION("""COMPUTED_VALUE"""),46089) -> 46089 | B74: =IFERROR(__xludf.DUMMYFUNCTION("""COMPUTED_VALUE"""),"Istriku") -> Istriku | C74: =IFERROR(__xludf.DUMMYFUNCTION("""COMPUTED_VALUE"""),"Cash") -> Cash | D74: =IFERROR(__xludf.DUMMYFUNCTION("""COMPUTED_VALUE"""),"In") -> In | E74: =IFERROR(__xludf.DUMMYFUNCTION("""COMPUTED_VALUE"""),"Move") -> Move | F74: =IFERROR(__xludf.DUMMYFUNCTION("""COMPUTED_VALUE"""),100000) -> 100000 | G74: =IFERROR(__xludf.DUMMYFUNCTION("""COMPUTED_VALUE"""),"Ibal") -> Ibal | H74: =IF(A74="","", DATE(YEAR(A74),MONTH(A74),1) ) -> 46082 | I74: =SUMIFS(OUT!$F$2:$F$11000,OUT!$H$2:$H$11000,H74,OUT!$D$2:$D$101007,"In") -> #VALUE! | J74: =SUMIFS(OUT!$F$2:$F$11000,OUT!$H$2:$H$11000,H74,OUT!$D$2:$D$11000,"Out") -> 12026623 | K74: =SUMIFS(OUT!$F$2:$F$11000,OUT!$H$2:$H$11000,H74,OUT!$D$2:$D$11000,"Out",OUT!$E$2:$E$11000,"Fix") -> 2865413 | L74: =SUMIFS(OUT!$F$2:$F$11000,OUT!$H$2:$H$11000,H74,OUT!$D$2:$D$11000,"Out",OUT!$E$2:$E$11000,"Bathroom") -> 120488 | M74: =SUMIFS(OUT!$F$2:$F$11000,OUT!$H$2:$H$11000,H74,OUT!$D$2:$D$11000,"Out",OUT!$E$2:$E$11000,"Alfa") -> 890962 | N74: =SUMIFS(OUT!$F$2:$F$11000,OUT!$H$2:$H$101007,H74,OUT!$D$2:$D$11000,"Out",OUT!$E$2:$E$11000,"Jajan") -> #VALUE! | O74: =SUMIFS(OUT!$F$2:$F$11000,OUT!$H$2:$H$11000,H74,OUT!$D$2:$D$11000,"Out",OUT!$E$2:$E$11000,"Kitchen") -> 1152600 | P74: =SUMIFS(OUT!$F$2:$F$11000,OUT!$H$2:$H$11000,H74,OUT!$D$2:$D$11000,"Out",OUT!$E$2:$E$11000,"Loandry") -> 41000 | Q74: =SUMIFS(OUT!$F$2:$F$11000,OUT!$H$2:$H$11000,H74,OUT!$D$2:$D$11000,"Out",OUT!$E$2:$E$11000,"Mio") -> 895700 | R74: =SUMIFS(OUT!$F$2:$F$11000,OUT!$H$2:$H$11000,H74,OUT!$D$2:$D$11000,"Out",OUT!$E$2:$E$11000,"Sedekah") -> 130000 | S74: =SUMIFS(OUT!$F$2:$F$11000,OUT!$H$2:$H$11000,H74,OUT!$D$2:$D$11000,"Out",OUT!$E$2:$E$11000,"Zela") -> 215161 | T74: =SUMIFS(OUT!$F$2:$F$11000,OUT!$H$2:$H$11000,H74,OUT!$D$2:$D$11000,"Out",OUT!$E$2:$E$11000,"Iqbal") -> 215000
A75: =IFERROR(__xludf.DUMMYFUNCTION("""COMPUTED_VALUE"""),46089) -> 46089 | B75: =IFERROR(__xludf.DUMMYFUNCTION("""COMPUTED_VALUE"""),"Mamaku") -> Mamaku | C75: =IFERROR(__xludf.DUMMYFUNCTION("""COMPUTED_VALUE"""),"Cash") -> Cash | D75: =IFERROR(__xludf.DUMMYFUNCTION("""COMPUTED_VALUE"""),"In") -> In | E75: =IFERROR(__xludf.DUMMYFUNCTION("""COMPUTED_VALUE"""),"Fix") -> Fix | F75: =IFERROR(__xludf.DUMMYFUNCTION("""COMPUTED_VALUE"""),25000) -> 25000 | G75: =IFERROR(__xludf.DUMMYFUNCTION("""COMPUTED_VALUE"""),"Ibal") -> Ibal | H75: =IF(A75="","", DATE(YEAR(A75),MONTH(A75),1) ) -> 46082 | I75: =SUMIFS(OUT!$F$2:$F$11000,OUT!$H$2:$H$11000,H75,OUT!$D$2:$D$101007,"In") -> #VALUE! | J75: =SUMIFS(OUT!$F$2:$F$11000,OUT!$H$2:$H$11000,H75,OUT!$D$2:$D$11000,"Out") -> 12026623 | K75: =SUMIFS(OUT!$F$2:$F$11000,OUT!$H$2:$H$11000,H75,OUT!$D$2:$D$11000,"Out",OUT!$E$2:$E$11000,"Fix") -> 2865413 | L75: =SUMIFS(OUT!$F$2:$F$11000,OUT!$H$2:$H$11000,H75,OUT!$D$2:$D$11000,"Out",OUT!$E$2:$E$11000,"Bathroom") -> 120488 | M75: =SUMIFS(OUT!$F$2:$F$11000,OUT!$H$2:$H$11000,H75,OUT!$D$2:$D$11000,"Out",OUT!$E$2:$E$11000,"Alfa") -> 890962 | N75: =SUMIFS(OUT!$F$2:$F$11000,OUT!$H$2:$H$101007,H75,OUT!$D$2:$D$11000,"Out",OUT!$E$2:$E$11000,"Jajan") -> #VALUE! | O75: =SUMIFS(OUT!$F$2:$F$11000,OUT!$H$2:$H$11000,H75,OUT!$D$2:$D$11000,"Out",OUT!$E$2:$E$11000,"Kitchen") -> 1152600 | P75: =SUMIFS(OUT!$F$2:$F$11000,OUT!$H$2:$H$11000,H75,OUT!$D$2:$D$11000,"Out",OUT!$E$2:$E$11000,"Loandry") -> 41000 | Q75: =SUMIFS(OUT!$F$2:$F$11000,OUT!$H$2:$H$11000,H75,OUT!$D$2:$D$11000,"Out",OUT!$E$2:$E$11000,"Mio") -> 895700 | R75: =SUMIFS(OUT!$F$2:$F$11000,OUT!$H$2:$H$11000,H75,OUT!$D$2:$D$11000,"Out",OUT!$E$2:$E$11000,"Sedekah") -> 130000 | S75: =SUMIFS(OUT!$F$2:$F$11000,OUT!$H$2:$H$11000,H75,OUT!$D$2:$D$11000,"Out",OUT!$E$2:$E$11000,"Zela") -> 215161 | T75: =SUMIFS(OUT!$F$2:$F$11000,OUT!$H$2:$H$11000,H75,OUT!$D$2:$D$11000,"Out",OUT!$E$2:$E$11000,"Iqbal") -> 215000
A76: =IFERROR(__xludf.DUMMYFUNCTION("""COMPUTED_VALUE"""),46089) -> 46089 | B76: =IFERROR(__xludf.DUMMYFUNCTION("""COMPUTED_VALUE"""),"Ongkir Maxim, lemari baju Mama") -> Ongkir Maxim, lemari baju Mama | C76: =IFERROR(__xludf.DUMMYFUNCTION("""COMPUTED_VALUE"""),"Cash") -> Cash | D76: =IFERROR(__xludf.DUMMYFUNCTION("""COMPUTED_VALUE"""),"Out") -> Out | E76: =IFERROR(__xludf.DUMMYFUNCTION("""COMPUTED_VALUE"""),"Fix") -> Fix | F76: =IFERROR(__xludf.DUMMYFUNCTION("""COMPUTED_VALUE"""),75000) -> 75000 | G76: =IFERROR(__xludf.DUMMYFUNCTION("""COMPUTED_VALUE"""),"Ibal") -> Ibal | H76: =IF(A76="","", DATE(YEAR(A76),MONTH(A76),1) ) -> 46082 | I76: =SUMIFS(OUT!$F$2:$F$11000,OUT!$H$2:$H$11000,H76,OUT!$D$2:$D$101007,"In") -> #VALUE! | J76: =SUMIFS(OUT!$F$2:$F$11000,OUT!$H$2:$H$11000,H76,OUT!$D$2:$D$11000,"Out") -> 12026623 | K76: =SUMIFS(OUT!$F$2:$F$11000,OUT!$H$2:$H$11000,H76,OUT!$D$2:$D$11000,"Out",OUT!$E$2:$E$11000,"Fix") -> 2865413 | L76: =SUMIFS(OUT!$F$2:$F$11000,OUT!$H$2:$H$11000,H76,OUT!$D$2:$D$11000,"Out",OUT!$E$2:$E$11000,"Bathroom") -> 120488 | M76: =SUMIFS(OUT!$F$2:$F$11000,OUT!$H$2:$H$11000,H76,OUT!$D$2:$D$11000,"Out",OUT!$E$2:$E$11000,"Alfa") -> 890962 | N76: =SUMIFS(OUT!$F$2:$F$11000,OUT!$H$2:$H$101007,H76,OUT!$D$2:$D$11000,"Out",OUT!$E$2:$E$11000,"Jajan") -> #VALUE! | O76: =SUMIFS(OUT!$F$2:$F$11000,OUT!$H$2:$H$11000,H76,OUT!$D$2:$D$11000,"Out",OUT!$E$2:$E$11000,"Kitchen") -> 1152600 | P76: =SUMIFS(OUT!$F$2:$F$11000,OUT!$H$2:$H$11000,H76,OUT!$D$2:$D$11000,"Out",OUT!$E$2:$E$11000,"Loandry") -> 41000 | Q76: =SUMIFS(OUT!$F$2:$F$11000,OUT!$H$2:$H$11000,H76,OUT!$D$2:$D$11000,"Out",OUT!$E$2:$E$11000,"Mio") -> 895700 | R76: =SUMIFS(OUT!$F$2:$F$11000,OUT!$H$2:$H$11000,H76,OUT!$D$2:$D$11000,"Out",OUT!$E$2:$E$11000,"Sedekah") -> 130000 | S76: =SUMIFS(OUT!$F$2:$F$11000,OUT!$H$2:$H$11000,H76,OUT!$D$2:$D$11000,"Out",OUT!$E$2:$E$11000,"Zela") -> 215161 | T76: =SUMIFS(OUT!$F$2:$F$11000,OUT!$H$2:$H$11000,H76,OUT!$D$2:$D$11000,"Out",OUT!$E$2:$E$11000,"Iqbal") -> 215000
A77: =IFERROR(__xludf.DUMMYFUNCTION("""COMPUTED_VALUE"""),46089) -> 46089 | B77: =IFERROR(__xludf.DUMMYFUNCTION("""COMPUTED_VALUE"""),"Pertalite") -> Pertalite | C77: =IFERROR(__xludf.DUMMYFUNCTION("""COMPUTED_VALUE"""),"Cash") -> Cash | D77: =IFERROR(__xludf.DUMMYFUNCTION("""COMPUTED_VALUE"""),"Out") -> Out | E77: =IFERROR(__xludf.DUMMYFUNCTION("""COMPUTED_VALUE"""),"Mio") -> Mio | F77: =IFERROR(__xludf.DUMMYFUNCTION("""COMPUTED_VALUE"""),28000) -> 28000 | G77: =IFERROR(__xludf.DUMMYFUNCTION("""COMPUTED_VALUE"""),"Ibal") -> Ibal | H77: =IF(A77="","", DATE(YEAR(A77),MONTH(A77),1) ) -> 46082 | I77: =SUMIFS(OUT!$F$2:$F$11000,OUT!$H$2:$H$11000,H77,OUT!$D$2:$D$101007,"In") -> #VALUE! | J77: =SUMIFS(OUT!$F$2:$F$11000,OUT!$H$2:$H$11000,H77,OUT!$D$2:$D$11000,"Out") -> 12026623 | K77: =SUMIFS(OUT!$F$2:$F$11000,OUT!$H$2:$H$11000,H77,OUT!$D$2:$D$11000,"Out",OUT!$E$2:$E$11000,"Fix") -> 2865413 | L77: =SUMIFS(OUT!$F$2:$F$11000,OUT!$H$2:$H$11000,H77,OUT!$D$2:$D$11000,"Out",OUT!$E$2:$E$11000,"Bathroom") -> 120488 | M77: =SUMIFS(OUT!$F$2:$F$11000,OUT!$H$2:$H$11000,H77,OUT!$D$2:$D$11000,"Out",OUT!$E$2:$E$11000,"Alfa") -> 890962 | N77: =SUMIFS(OUT!$F$2:$F$11000,OUT!$H$2:$H$101007,H77,OUT!$D$2:$D$11000,"Out",OUT!$E$2:$E$11000,"Jajan") -> #VALUE! | O77: =SUMIFS(OUT!$F$2:$F$11000,OUT!$H$2:$H$11000,H77,OUT!$D$2:$D$11000,"Out",OUT!$E$2:$E$11000,"Kitchen") -> 1152600 | P77: =SUMIFS(OUT!$F$2:$F$11000,OUT!$H$2:$H$11000,H77,OUT!$D$2:$D$11000,"Out",OUT!$E$2:$E$11000,"Loandry") -> 41000 | Q77: =SUMIFS(OUT!$F$2:$F$11000,OUT!$H$2:$H$11000,H77,OUT!$D$2:$D$11000,"Out",OUT!$E$2:$E$11000,"Mio") -> 895700 | R77: =SUMIFS(OUT!$F$2:$F$11000,OUT!$H$2:$H$11000,H77,OUT!$D$2:$D$11000,"Out",OUT!$E$2:$E$11000,"Sedekah") -> 130000 | S77: =SUMIFS(OUT!$F$2:$F$11000,OUT!$H$2:$H$11000,H77,OUT!$D$2:$D$11000,"Out",OUT!$E$2:$E$11000,"Zela") -> 215161 | T77: =SUMIFS(OUT!$F$2:$F$11000,OUT!$H$2:$H$11000,H77,OUT!$D$2:$D$11000,"Out",OUT!$E$2:$E$11000,"Iqbal") -> 215000
A78: =IFERROR(__xludf.DUMMYFUNCTION("""COMPUTED_VALUE"""),46089) -> 46089 | B78: =IFERROR(__xludf.DUMMYFUNCTION("""COMPUTED_VALUE"""),"Teh botol (3), Ultramilk (1)") -> Teh botol (3), Ultramilk (1) | C78: =IFERROR(__xludf.DUMMYFUNCTION("""COMPUTED_VALUE"""),"Cash") -> Cash | D78: =IFERROR(__xludf.DUMMYFUNCTION("""COMPUTED_VALUE"""),"Out") -> Out | E78: =IFERROR(__xludf.DUMMYFUNCTION("""COMPUTED_VALUE"""),"Jajan") -> Jajan | F78: =IFERROR(__xludf.DUMMYFUNCTION("""COMPUTED_VALUE"""),18000) -> 18000 | G78: =IFERROR(__xludf.DUMMYFUNCTION("""COMPUTED_VALUE"""),"Ibal") -> Ibal | H78: =IF(A78="","", DATE(YEAR(A78),MONTH(A78),1) ) -> 46082 | I78: =SUMIFS(OUT!$F$2:$F$11000,OUT!$H$2:$H$11000,H78,OUT!$D$2:$D$101007,"In") -> #VALUE! | J78: =SUMIFS(OUT!$F$2:$F$11000,OUT!$H$2:$H$11000,H78,OUT!$D$2:$D$11000,"Out") -> 12026623 | K78: =SUMIFS(OUT!$F$2:$F$11000,OUT!$H$2:$H$11000,H78,OUT!$D$2:$D$11000,"Out",OUT!$E$2:$E$11000,"Fix") -> 2865413 | L78: =SUMIFS(OUT!$F$2:$F$11000,OUT!$H$2:$H$11000,H78,OUT!$D$2:$D$11000,"Out",OUT!$E$2:$E$11000,"Bathroom") -> 120488 | M78: =SUMIFS(OUT!$F$2:$F$11000,OUT!$H$2:$H$11000,H78,OUT!$D$2:$D$11000,"Out",OUT!$E$2:$E$11000,"Alfa") -> 890962 | N78: =SUMIFS(OUT!$F$2:$F$11000,OUT!$H$2:$H$101007,H78,OUT!$D$2:$D$11000,"Out",OUT!$E$2:$E$11000,"Jajan") -> #VALUE! | O78: =SUMIFS(OUT!$F$2:$F$11000,OUT!$H$2:$H$11000,H78,OUT!$D$2:$D$11000,"Out",OUT!$E$2:$E$11000,"Kitchen") -> 1152600 | P78: =SUMIFS(OUT!$F$2:$F$11000,OUT!$H$2:$H$11000,H78,OUT!$D$2:$D$11000,"Out",OUT!$E$2:$E$11000,"Loandry") -> 41000 | Q78: =SUMIFS(OUT!$F$2:$F$11000,OUT!$H$2:$H$11000,H78,OUT!$D$2:$D$11000,"Out",OUT!$E$2:$E$11000,"Mio") -> 895700 | R78: =SUMIFS(OUT!$F$2:$F$11000,OUT!$H$2:$H$11000,H78,OUT!$D$2:$D$11000,"Out",OUT!$E$2:$E$11000,"Sedekah") -> 130000 | S78: =SUMIFS(OUT!$F$2:$F$11000,OUT!$H$2:$H$11000,H78,OUT!$D$2:$D$11000,"Out",OUT!$E$2:$E$11000,"Zela") -> 215161 | T78: =SUMIFS(OUT!$F$2:$F$11000,OUT!$H$2:$H$11000,H78,OUT!$D$2:$D$11000,"Out",OUT!$E$2:$E$11000,"Iqbal") -> 215000
A79: =IFERROR(__xludf.DUMMYFUNCTION("""COMPUTED_VALUE"""),46089) -> 46089 | B79: =IFERROR(__xludf.DUMMYFUNCTION("""COMPUTED_VALUE"""),"Cuci Mio") -> Cuci Mio | C79: =IFERROR(__xludf.DUMMYFUNCTION("""COMPUTED_VALUE"""),"Cash") -> Cash | D79: =IFERROR(__xludf.DUMMYFUNCTION("""COMPUTED_VALUE"""),"Out") -> Out | E79: =IFERROR(__xludf.DUMMYFUNCTION("""COMPUTED_VALUE"""),"Mio") -> Mio | F79: =IFERROR(__xludf.DUMMYFUNCTION("""COMPUTED_VALUE"""),20000) -> 20000 | G79: =IFERROR(__xludf.DUMMYFUNCTION("""COMPUTED_VALUE"""),"Ibal") -> Ibal | H79: =IF(A79="","", DATE(YEAR(A79),MONTH(A79),1) ) -> 46082 | I79: =SUMIFS(OUT!$F$2:$F$11000,OUT!$H$2:$H$11000,H79,OUT!$D$2:$D$101007,"In") -> #VALUE! | J79: =SUMIFS(OUT!$F$2:$F$11000,OUT!$H$2:$H$11000,H79,OUT!$D$2:$D$11000,"Out") -> 12026623 | K79: =SUMIFS(OUT!$F$2:$F$11000,OUT!$H$2:$H$11000,H79,OUT!$D$2:$D$11000,"Out",OUT!$E$2:$E$11000,"Fix") -> 2865413 | L79: =SUMIFS(OUT!$F$2:$F$11000,OUT!$H$2:$H$11000,H79,OUT!$D$2:$D$11000,"Out",OUT!$E$2:$E$11000,"Bathroom") -> 120488 | M79: =SUMIFS(OUT!$F$2:$F$11000,OUT!$H$2:$H$11000,H79,OUT!$D$2:$D$11000,"Out",OUT!$E$2:$E$11000,"Alfa") -> 890962 | N79: =SUMIFS(OUT!$F$2:$F$11000,OUT!$H$2:$H$101007,H79,OUT!$D$2:$D$11000,"Out",OUT!$E$2:$E$11000,"Jajan") -> #VALUE! | O79: =SUMIFS(OUT!$F$2:$F$11000,OUT!$H$2:$H$11000,H79,OUT!$D$2:$D$11000,"Out",OUT!$E$2:$E$11000,"Kitchen") -> 1152600 | P79: =SUMIFS(OUT!$F$2:$F$11000,OUT!$H$2:$H$11000,H79,OUT!$D$2:$D$11000,"Out",OUT!$E$2:$E$11000,"Loandry") -> 41000 | Q79: =SUMIFS(OUT!$F$2:$F$11000,OUT!$H$2:$H$11000,H79,OUT!$D$2:$D$11000,"Out",OUT!$E$2:$E$11000,"Mio") -> 895700 | R79: =SUMIFS(OUT!$F$2:$F$11000,OUT!$H$2:$H$11000,H79,OUT!$D$2:$D$11000,"Out",OUT!$E$2:$E$11000,"Sedekah") -> 130000 | S79: =SUMIFS(OUT!$F$2:$F$11000,OUT!$H$2:$H$11000,H79,OUT!$D$2:$D$11000,"Out",OUT!$E$2:$E$11000,"Zela") -> 215161 | T79: =SUMIFS(OUT!$F$2:$F$11000,OUT!$H$2:$H$11000,H79,OUT!$D$2:$D$11000,"Out",OUT!$E$2:$E$11000,"Iqbal") -> 215000
A80: =IFERROR(__xludf.DUMMYFUNCTION("""COMPUTED_VALUE"""),46095) -> 46095 | B80: =IFERROR(__xludf.DUMMYFUNCTION("""COMPUTED_VALUE"""),"Penutup kabel (1)") -> Penutup kabel (1) | C80: =IFERROR(__xludf.DUMMYFUNCTION("""COMPUTED_VALUE"""),"ATM") -> ATM | D80: =IFERROR(__xludf.DUMMYFUNCTION("""COMPUTED_VALUE"""),"Out") -> Out | E80: =IFERROR(__xludf.DUMMYFUNCTION("""COMPUTED_VALUE"""),"Fix") -> Fix | F80: =IFERROR(__xludf.DUMMYFUNCTION("""COMPUTED_VALUE"""),17541) -> 17541 | G80: =IFERROR(__xludf.DUMMYFUNCTION("""COMPUTED_VALUE"""),"Ibal") -> Ibal | H80: =IF(A80="","", DATE(YEAR(A80),MONTH(A80),1) ) -> 46082 | I80: =SUMIFS(OUT!$F$2:$F$11000,OUT!$H$2:$H$11000,H80,OUT!$D$2:$D$101007,"In") -> #VALUE! | J80: =SUMIFS(OUT!$F$2:$F$11000,OUT!$H$2:$H$11000,H80,OUT!$D$2:$D$11000,"Out") -> 12026623 | K80: =SUMIFS(OUT!$F$2:$F$11000,OUT!$H$2:$H$11000,H80,OUT!$D$2:$D$11000,"Out",OUT!$E$2:$E$11000,"Fix") -> 2865413 | L80: =SUMIFS(OUT!$F$2:$F$11000,OUT!$H$2:$H$11000,H80,OUT!$D$2:$D$11000,"Out",OUT!$E$2:$E$11000,"Bathroom") -> 120488 | M80: =SUMIFS(OUT!$F$2:$F$11000,OUT!$H$2:$H$11000,H80,OUT!$D$2:$D$11000,"Out",OUT!$E$2:$E$11000,"Alfa") -> 890962 | N80: =SUMIFS(OUT!$F$2:$F$11000,OUT!$H$2:$H$101007,H80,OUT!$D$2:$D$11000,"Out",OUT!$E$2:$E$11000,"Jajan") -> #VALUE! | O80: =SUMIFS(OUT!$F$2:$F$11000,OUT!$H$2:$H$11000,H80,OUT!$D$2:$D$11000,"Out",OUT!$E$2:$E$11000,"Kitchen") -> 1152600 | P80: =SUMIFS(OUT!$F$2:$F$11000,OUT!$H$2:$H$11000,H80,OUT!$D$2:$D$11000,"Out",OUT!$E$2:$E$11000,"Loandry") -> 41000 | Q80: =SUMIFS(OUT!$F$2:$F$11000,OUT!$H$2:$H$11000,H80,OUT!$D$2:$D$11000,"Out",OUT!$E$2:$E$11000,"Mio") -> 895700 | R80: =SUMIFS(OUT!$F$2:$F$11000,OUT!$H$2:$H$11000,H80,OUT!$D$2:$D$11000,"Out",OUT!$E$2:$E$11000,"Sedekah") -> 130000 | S80: =SUMIFS(OUT!$F$2:$F$11000,OUT!$H$2:$H$11000,H80,OUT!$D$2:$D$11000,"Out",OUT!$E$2:$E$11000,"Zela") -> 215161 | T80: =SUMIFS(OUT!$F$2:$F$11000,OUT!$H$2:$H$11000,H80,OUT!$D$2:$D$11000,"Out",OUT!$E$2:$E$11000,"Iqbal") -> 215000
A81: =IFERROR(__xludf.DUMMYFUNCTION("""COMPUTED_VALUE"""),46097) -> 46097 | B81: =IFERROR(__xludf.DUMMYFUNCTION("""COMPUTED_VALUE"""),"THR 2026") -> THR 2026 | C81: =IFERROR(__xludf.DUMMYFUNCTION("""COMPUTED_VALUE"""),"ATM") -> ATM | D81: =IFERROR(__xludf.DUMMYFUNCTION("""COMPUTED_VALUE"""),"In") -> In | E81: =IFERROR(__xludf.DUMMYFUNCTION("""COMPUTED_VALUE"""),"Fix") -> Fix | F81: =IFERROR(__xludf.DUMMYFUNCTION("""COMPUTED_VALUE"""),2332272) -> 2332272 | G81: =IFERROR(__xludf.DUMMYFUNCTION("""COMPUTED_VALUE"""),"Ibal") -> Ibal | H81: =IF(A81="","", DATE(YEAR(A81),MONTH(A81),1) ) -> 46082 | I81: =SUMIFS(OUT!$F$2:$F$11000,OUT!$H$2:$H$11000,H81,OUT!$D$2:$D$101007,"In") -> #VALUE! | J81: =SUMIFS(OUT!$F$2:$F$11000,OUT!$H$2:$H$11000,H81,OUT!$D$2:$D$11000,"Out") -> 12026623 | K81: =SUMIFS(OUT!$F$2:$F$11000,OUT!$H$2:$H$11000,H81,OUT!$D$2:$D$11000,"Out",OUT!$E$2:$E$11000,"Fix") -> 2865413 | L81: =SUMIFS(OUT!$F$2:$F$11000,OUT!$H$2:$H$11000,H81,OUT!$D$2:$D$11000,"Out",OUT!$E$2:$E$11000,"Bathroom") -> 120488 | M81: =SUMIFS(OUT!$F$2:$F$11000,OUT!$H$2:$H$11000,H81,OUT!$D$2:$D$11000,"Out",OUT!$E$2:$E$11000,"Alfa") -> 890962 | N81: =SUMIFS(OUT!$F$2:$F$11000,OUT!$H$2:$H$101007,H81,OUT!$D$2:$D$11000,"Out",OUT!$E$2:$E$11000,"Jajan") -> #VALUE! | O81: =SUMIFS(OUT!$F$2:$F$11000,OUT!$H$2:$H$11000,H81,OUT!$D$2:$D$11000,"Out",OUT!$E$2:$E$11000,"Kitchen") -> 1152600 | P81: =SUMIFS(OUT!$F$2:$F$11000,OUT!$H$2:$H$11000,H81,OUT!$D$2:$D$11000,"Out",OUT!$E$2:$E$11000,"Loandry") -> 41000 | Q81: =SUMIFS(OUT!$F$2:$F$11000,OUT!$H$2:$H$11000,H81,OUT!$D$2:$D$11000,"Out",OUT!$E$2:$E$11000,"Mio") -> 895700 | R81: =SUMIFS(OUT!$F$2:$F$11000,OUT!$H$2:$H$11000,H81,OUT!$D$2:$D$11000,"Out",OUT!$E$2:$E$11000,"Sedekah") -> 130000 | S81: =SUMIFS(OUT!$F$2:$F$11000,OUT!$H$2:$H$11000,H81,OUT!$D$2:$D$11000,"Out",OUT!$E$2:$E$11000,"Zela") -> 215161 | T81: =SUMIFS(OUT!$F$2:$F$11000,OUT!$H$2:$H$11000,H81,OUT!$D$2:$D$11000,"Out",OUT!$E$2:$E$11000,"Iqbal") -> 215000
A82: =IFERROR(__xludf.DUMMYFUNCTION("""COMPUTED_VALUE"""),46097) -> 46097 | B82: =IFERROR(__xludf.DUMMYFUNCTION("""COMPUTED_VALUE"""),"Istriku") -> Istriku | C82: =IFERROR(__xludf.DUMMYFUNCTION("""COMPUTED_VALUE"""),"ATM") -> ATM | D82: =IFERROR(__xludf.DUMMYFUNCTION("""COMPUTED_VALUE"""),"Move") -> Move | E82: =IFERROR(__xludf.DUMMYFUNCTION("""COMPUTED_VALUE"""),"Fix") -> Fix | F82: =IFERROR(__xludf.DUMMYFUNCTION("""COMPUTED_VALUE"""),1300700) -> 1300700 | G82: =IFERROR(__xludf.DUMMYFUNCTION("""COMPUTED_VALUE"""),"Ibal") -> Ibal | H82: =IF(A82="","", DATE(YEAR(A82),MONTH(A82),1) ) -> 46082 | I82: =SUMIFS(OUT!$F$2:$F$11000,OUT!$H$2:$H$11000,H82,OUT!$D$2:$D$101007,"In") -> #VALUE! | J82: =SUMIFS(OUT!$F$2:$F$11000,OUT!$H$2:$H$11000,H82,OUT!$D$2:$D$11000,"Out") -> 12026623 | K82: =SUMIFS(OUT!$F$2:$F$11000,OUT!$H$2:$H$11000,H82,OUT!$D$2:$D$11000,"Out",OUT!$E$2:$E$11000,"Fix") -> 2865413 | L82: =SUMIFS(OUT!$F$2:$F$11000,OUT!$H$2:$H$11000,H82,OUT!$D$2:$D$11000,"Out",OUT!$E$2:$E$11000,"Bathroom") -> 120488 | M82: =SUMIFS(OUT!$F$2:$F$11000,OUT!$H$2:$H$11000,H82,OUT!$D$2:$D$11000,"Out",OUT!$E$2:$E$11000,"Alfa") -> 890962 | N82: =SUMIFS(OUT!$F$2:$F$11000,OUT!$H$2:$H$101007,H82,OUT!$D$2:$D$11000,"Out",OUT!$E$2:$E$11000,"Jajan") -> #VALUE! | O82: =SUMIFS(OUT!$F$2:$F$11000,OUT!$H$2:$H$11000,H82,OUT!$D$2:$D$11000,"Out",OUT!$E$2:$E$11000,"Kitchen") -> 1152600 | P82: =SUMIFS(OUT!$F$2:$F$11000,OUT!$H$2:$H$11000,H82,OUT!$D$2:$D$11000,"Out",OUT!$E$2:$E$11000,"Loandry") -> 41000 | Q82: =SUMIFS(OUT!$F$2:$F$11000,OUT!$H$2:$H$11000,H82,OUT!$D$2:$D$11000,"Out",OUT!$E$2:$E$11000,"Mio") -> 895700 | R82: =SUMIFS(OUT!$F$2:$F$11000,OUT!$H$2:$H$11000,H82,OUT!$D$2:$D$11000,"Out",OUT!$E$2:$E$11000,"Sedekah") -> 130000 | S82: =SUMIFS(OUT!$F$2:$F$11000,OUT!$H$2:$H$11000,H82,OUT!$D$2:$D$11000,"Out",OUT!$E$2:$E$11000,"Zela") -> 215161 | T82: =SUMIFS(OUT!$F$2:$F$11000,OUT!$H$2:$H$11000,H82,OUT!$D$2:$D$11000,"Out",OUT!$E$2:$E$11000,"Iqbal") -> 215000
